indroea,lugar,comentario,serv,suprest,suprcnc,hoja_id,alti,altimax,naa,naam,naai,num_cuenca,muni_id,xutm,yutm,xutm30,yutm30,long,lat,longwgs84,latwgs84,observ1,xetrs89,yetrs89,cod_saih,cuenca,caudal,ini_cal,fin_cal,sel,geometry
1080,ANDOAIN,,1,765,861,64,38.0000,1544.0000,65,65,29,1028,20009,579176,4786841,579176,4786841,-2.0130,43.1346,-2.0135,43.1342,"POR FALTA DE FIABILIDAD EN CURVA DE GASTO, NO SE PUBLICA Q, SOLO H",579070,4786632,A149,CANTABRICO,1,2003,2011,1,POINT (-2.026305016215147 43.2283376512795)
1103,ALZOLA,INT 2003,0,456,531,63,44.0000,1544.0000,35,35,23,1042,20032,548747,4786678,548747,4786678,-2.2359,43.1350,-2.2404,43.1346,,548642,4786470,A800,CANTABRICO,1,1991,1999,1,POINT (-2.400993722110718 43.229454526424824)
1105,EREÑOZU,,1,215,266,64,28.0000,1139.0000,52,52,36,1018,20040,586038,4788616,586038,4788616,-1.5625,43.1441,-1.5630,43.1437,"FALTA FIABILIDAD EN CURVA DE GASTO, NO SE PUBLICAN Q PARA TODAS LAS H",585932,4788406,A900,CANTABRICO,1,2012,2020,1,POINT (-1.9415411478046023 43.24355892650569)
1106,ENDARLAZA,,1,681,705,65,18.0000,1418.0000,50,50,28,1012,20045,603146,4794568,603146,4794568,-1.4343,43.1746,-1.4347,43.1742,"FALTA FIABILIDAD EN CURVA DE GASTO, NO SE PUBLICAN Q PARA TODAS LAS H",603040,4794358,A140,CANTABRICO,1,2012,2020,1,POINT (-1.7297476391289515 43.294997933956026)
1109,ECHABE,INT 2007,0,304,343,63,19.0000,1423.0000,34,34,23,1034,20003,562244,4790950,562244,4790950,-2.1359,43.1605,-2.1404,43.1601,,562139,4790741,A802,CANTABRICO,1,1999,2007,1,POINT (-2.234315106580448 43.266919182230254)
1163,LEMONA (IBAIZABAL),,1,251,472,62,69.0000,1157.0000,51,51,8,1065,48055,520014,4784559,520014,4784559,-2.4513,43.1246,-2.4518,43.1242,,519908,4784351,A145,CANTABRICO,1,2012,2020,1,POINT (-2.7549121188378214 43.21167918795956)
1265,OJEDO,,1,290,1184,81,282.0000,2538.0000,27,27,11,1124,39022,369031,4780236,369031,4780236,-4.3640,43.0946,-4.3645,43.0942,"FALTA FIABILIDAD EN CURVA DE GASTO, NO SE PUBLICAN Q PARA TODAS LAS H",368924,4780031,A703,CANTABRICO,1,2007,2015,1,POINT (-4.612349647527705 43.16167893656498)
1268,PUENTELLES,,1,643,1184,56,56.0000,2536.0000,51,51,30,1128,33047,369784,4797493,369784,4797493,-4.3621,43.1906,-4.3626,43.1902,,369677,4797288,A078,CANTABRICO,1,2007,2015,1,POINT (-4.607169240345004 43.3171423025187)
1295,CANGAS DE ONIS,,1,486,1246,31,58.0000,2596.0000,89,89,2,1140,33012,327313,4802165,327313,4802165,-5.0751,43.2106,-5.0756,43.2102,"FALTA FIABILIDAD EN CURVA DE GASTO, NO SE PUBLICAN Q PARA TODAS LAS H",327205,4801960,A602,CANTABRICO,1,2006,2014,1,POINT (-5.132101278362612 43.35062652310033)
1302,OZANES,,1,486,509,31,33.0000,,46,46,17,1143,33045,323115,4804112,323106,4804091,-5.1059,43.2205,-5.1104,43.2201,"FALTA FIABILIDAD EN CURVA DE GASTO, NO SE PUBLICAN Q PARA TODAS LAS H",322998,4803886,A604,CANTABRICO,1,2012,2020,1,POINT (-5.1845964097341195 43.36697739249976)
1343,SAN CUCAO,,1,314,382,28,121.0000,793.0000,50,50,11,1173,33035,265898,4811514,265898,4811514,-5.5330,43.2509,-5.5335,43.2505,,265789,4811309,A064,CANTABRICO,1,2012,2020,1,POINT (-5.893083105739293 43.41807519222985)
1353,CORIAS,,1,531,1850,50,352.0000,2007.0000,95,106,16,1183,33011,699538,4785395,211993,4788569,-6.3240,43.1139,-6.3245,43.1135,"FALTA FIABILIDAD EN CURVA DE GASTO, NO SE PUBLICAN Q PARA TODAS LAS H",211883,4788364,A606,CANTABRICO,1,2007,2015,1,POINT (-6.54579397000306 43.1930936575944)
1363,VEGA DEL REY,,1,232,923,78,352.0000,2386.0000,38,38,16,1155,33033,270986,4778210,270986,4778210,-5.4854,43.0716,-5.4859,43.0712,"FALTA FIABILIDAD EN CURVA DE GASTO, NO SE PUBLICAN Q PARA TODAS LAS H",270877,4778005,A058,CANTABRICO,1,1995,2003,1,POINT (-5.8164537666193 43.120120698767785)
1365,MOREDA,INT 2013,0,265,375,78,334.0000,2115.0000,42,42,15,1158,33002,278116,4783215,278116,4783215,-5.4346,43.1006,-5.4351,43.1002,,278007,4783010,A060,CANTABRICO,1,2005,2013,1,POINT (-5.730913101392507 43.167261756578455)
1369,PARTEAYER,INT 2014,0,893,923,52,158.0000,,58,63,1,1165,33038,266766,4796485,266773,4796507,-5.5228,43.1704,-5.5233,43.1700,DATOS MODIFICADOS 2007-08 (ANUARIO 13-14),266664,4796303,A607,CANTABRICO,1,2006,2014,1,POINT (-5.875903778141078 43.28339681331053)
1378,GRADO,,1,210,214,28,56.0000,1454.0000,53,53,16,1175,33026,737726,4808327,251740,4808706,-6.0354,43.2322,-6.0359,43.2318,"FALTA FIABILIDAD EN CURVA DE GASTO, NO SE PUBLICAN Q PARA TODAS LAS H",251631,4808501,A608,CANTABRICO,1,2009,2017,1,POINT (-6.066455118412438 43.38827125982701)
1395,TREVIAS,,1,411,467,12,35.0000,1291.0000,51,51,30,1200,33034,707379,4819933,222300,4822470,-6.2606,43.3010,-6.2611,43.3006,,222190,4822266,A609,CANTABRICO,1,2000,2008,1,POINT (-6.436342025199142 43.501677322375606)
1404,SAN ANTOLIN,,1,294,389,74,262.0000,1987.0000,50,48,8,1217,33028,673142,4769386,184500,4774480,-6.5226,43.0324,-6.5231,43.0320,"FALTA FIABILIDAD EN CURVA DE GASTO, NO SE PUBLICAN Q PARA TODAS LAS H",184390,4774274,A610,CANTABRICO,1,1998,2006,1,POINT (-6.875406266317028 43.05552874706166)
1414,SUEIRO,,1,123,144,10,32.0000,,44,43,25,1236,33023,671718,4821912,186852,4827017,-6.5230,43.3147,-6.5235,43.3143,"FALTA FIABILIDAD EN CURVA DE GASTO, NO SE PUBLICAN Q PARA TODAS LAS H",186741,4826812,A613,CANTABRICO,1,1997,2005,1,POINT (-6.876511311768667 43.52851112075845)
1424,RIBEIRA DE PIQUIN,,1,346,819,48,241.0000,1111.0000,14,14,2,1240,27053,646476,4782543,158818,4789527,-7.1152,43.1050,-7.1157,43.1046,,158707,4789322,A047,CANTABRICO,1,2012,2020,1,POINT (-7.199221934956591 43.17956813527824)
1427,SAN TIRSO DE ABRES,,1,712,819,25,21.0000,1111.0000,98,108,30,1244,33063,650387,4808608,164597,4815273,-7.0833,43.2452,-7.0838,43.2448,,164486,4815068,A048,CANTABRICO,1,2007,2015,1,POINT (-7.144000581752185 43.413381721332726)
1431,MASMA,,1,145,291,24,46.0000,1056.0000,49,49,21,1246,27030,634725,4815304,149439,4823089,-7.2003,43.2840,-7.2009,43.2836,,149328,4822884,,GALICIA,1,2012,2020,1,POINT (-7.335723969655435 43.476627934017706)
1433,SAN ACISCLO,,1,163,189,9,32.0000,1064.0000,49,49,21,1248,27019,631158,4824168,146517,4832199,-7.2234,43.3329,-7.2240,43.3325,,146405,4831994,,GALICIA,1,2012,2020,1,POINT (-7.377681208846851 43.55704268982263)
1438,CHAVIN,,1,198,270,8,15.0000,,44,44,8,1250,27066,613777,4830661,129626,4839941,-7.3524,43.3710,-7.3529,43.3706,,129514,4839736,,GALICIA,1,2012,2020,1,POINT (-7.591445073954849 43.61833997235031)
1441,"MORGALLON, O",,1,185,202,2,45.0000,,13,13,0,1252,27064,605313,4839865,121837,4849748,-7.4135,43.4213,-7.4140,43.4209,,121725,4849543,,GALICIA,1,2012,2020,1,POINT (-7.694526479073079 43.702433032571186)
1443,SANTA MARIA DE MERA,,1,102,127,7,21.0000,757.0000,49,49,11,1254,15061,588135,4832611,104149,4843745,-7.5426,43.3826,-7.5432,43.3822,LOS DATOS DE 2007-08 SON PROVISIONALES PENDIENTES DE REVISION,104037,4843540,,GALICIA,1,2012,2020,1,POINT (-7.9088615744181014 43.639366221559385)
1464,MUÑIFERAL,,1,248,457,46,242.0000,600.0000,48,48,13,1278,15039,576732,4789036,89609,4801023,-8.0317,43.1458,-8.0323,43.1454,LOS DATOS DE 2006-07 SON PROVISIONALES PENDIENTES DE REVISION,89497,4800817,,GALICIA,1,2012,2020,1,POINT (-8.056334761885745 43.24830889985734)
1485,ANLLONS,,1,438,516,43,17.0000,564.0000,49,49,15,1290,15068,509315,4786327,22010,4803165,-8.5307,43.1344,-8.5313,43.1340,LOS DATOS DE 2006-07 SON PROVISIONALES PENDIENTES DE REVISION,21898,4802959,,GALICIA,1,2009,2017,1,POINT (-8.886828400633586 43.22774753433846)
1512,A PONTE DE TRUEBE,,1,201,504,93,300.0000,,13,12,0,1300,15077,509117,4760611,19964,4777457,-8.5317,42.5950,-8.5323,42.5946,,19852,4777251,,GALICIA,1,2012,2020,1,POINT (-8.889688932965516 42.99618120342934)
1520,CAROLLO,,1,561,1526,95,240.0000,764.0000,20,19,1,1316,15060,549037,4758477,59732,4772463,-8.2355,42.5836,-8.2401,42.5832,LOS DATOS DE 2006-07 SON PROVISIONALES PENDIENTES DE REVISION,59620,4772257,,GALICIA,1,2012,2020,1,POINT (-8.400162120511615 42.975445843466495)
1522,VILACIDE DE ARRIBA,,1,311,1526,95,228.0000,,13,13,0,1323,15060,544499,4760158,55316,4774469,-8.2715,42.5931,-8.2720,42.5927,LOS DATOS DE 2008-09 SON PROVISIONALES PENDIENTES DE REVISION,55204,4774263,,GALICIA,1,2012,2020,1,POINT (-8.455669282339318 42.99086429536169)
1540,VIDALOISO (BASTABALES),,1,138,266,120,123.0000,533.0000,20,19,1,1355,15013,528855,4742250,38391,4757681,-8.3849,42.4953,-8.3855,42.4949,LOS DATOS DE 2005-06 Y 2007-08 SON PROVISIONALES PENDIENTES DE REVISION,38279,4757475,,GALICIA,1,2012,2020,1,POINT (-8.648493730773062 42.8303550421418)
1542,PUENTE BARAZON,,1,150,152,96,317.0000,797.0000,48,48,3,1337,15079,580144,4745735,89917,4757502,-8.0108,42.5133,-8.0114,42.5129,LOS DATOS DE 2007-08 SON PROVISIONALES PENDIENTES DE REVISION,89806,4757296,,GALICIA,1,2012,2020,1,POINT (-8.02051425781484 42.85808603086844)
1544,A PONTE NOVA,,1,516,2804,96,309.0000,951.0000,48,48,2,1338,15079,579761,4744476,89444,4756271,-8.0126,42.5053,-8.0131,42.5048,LOS DATOS DE 2006-07 SON PROVISIONALES PENDIENTES DE REVISION,89333,4756065,,GALICIA,1,2012,2020,1,POINT (-8.02538404679612 42.846789488156695)
1546,PONTE CIRELA,,1,328,1787,122,315.0000,,13,12,0,1339,36020,573583,4736754,82718,4748994,-8.0602,42.4645,-8.0607,42.4640,,82607,4748788,,GALICIA,1,2012,2020,1,POINT (-8.101992474140898 42.77788030519927)
1552,PUENTE CIRA,,1,545,551,121,278.0000,1003.0000,47,47,0,1349,36052,554314,4736495,63437,4750109,-8.2010,42.4642,-8.2015,42.4638,LOS DATOS DE 2006-07 SON PROVISIONALES PENDIENTES DE REVISION,63326,4749902,,GALICIA,1,2012,2020,1,POINT (-8.337558334166577 42.77714228637289)
1578,"COUSO, O",,1,408,450,185,35.0000,,13,13,0,1362,36038,531847,4700260,38395,4715474,-8.3646,42.2712,-8.3651,42.2708,,38283,4715267,,GALICIA,1,2012,2020,1,POINT (-8.614221463619593 42.45208472285587)
1585,PONTECALDELAS,,1,103,333,186,288.0000,,13,12,0,1366,36043,541267,4693432,47331,4707978,-8.2955,42.2329,-8.3001,42.2325,,47219,4707771,,GALICIA,1,2012,2020,1,POINT (-8.50016192577736 42.39015092003592)
1605,PONTEVILAR,,1,754,17026,47,398.0000,,14,13,0,1378,27010,618164,4780706,130409,4789723,-7.3247,43.1009,-7.3252,43.1005,LOS DATOS DE 2007-08 SON PROVISIONALES PENDIENTES DE REVISION,130298,4789518,A003,MINHO,1,2012,2020,1,POINT (-7.5478555724778165 43.16797997881293)
1619,BEGONTE,,1,843,887,72,395.0000,905.0000,51,51,26,1387,27007,606634,4778362,118722,4788209,-7.4119,43.0859,-7.4124,43.0855,DATOS DE 2008-09 PROVISIONALES PENDIENTES DE REVISION. DATOS MODIFICADOS 1999-00 (ANUARIO 13-14),118611,4788003,A008,MINHO,1,2012,2020,1,POINT (-7.6901149513141425 43.14858505767492)
1620,GONDAY,,1,192,206,72,386.0000,,14,13,0,1389,27039,610318,4769335,121755,4778926,-7.3842,43.0405,-7.3848,43.0400,LOS DATOS DE 2007-08 SON PROVISIONALES PENDIENTES DE REVISION,121644,4778720,A009,MINHO,1,2012,2020,1,POINT (-7.64661724124192 43.06678928603753)
1622,LUGO,,1,2210,17026,72,378.0000,,13,13,0,1390,27028,615201,4764737,126304,4773983,-7.3510,43.0133,-7.3515,43.0129,,126193,4773777,N001,MINHO,1,2012,2020,1,POINT (-7.587612540170191 43.024672998608835)
1624,"PARAMO, EL",,1,831,831,97,355.0000,,14,13,0,1401,27043,620399,4747858,130291,4756750,-7.3134,42.5223,-7.3139,42.5219,LOS DATOS DE 2007-08 Y 2008-09 SON PROVISIONALES PENDIENTES DE REVISION,130180,4756544,A015,MINHO,1,2012,2020,1,POINT (-7.527456116426355 42.871922304902476)
1638,CARBALLINO,,1,133,184,187,378.0000,,14,13,0,1479,32019,575683,4698887,82126,4710994,-8.0447,42.2616,-8.0453,42.2612,LOS DATOS DE 2007-08 SON PROVISIONALES PENDIENTES DE REVISION,82014,4710787,A037,MINHO,1,2012,2020,1,POINT (-8.081358702237834 42.43668652840623)
1647,TUY,,1,150,156,261,10.0000,744.0000,37,36,5,1502,36055,530224,4657437,33745,4672760,-8.3805,42.0404,-8.3810,42.0359,,33633,4672553,A044,MINHO,1,2012,2020,1,POINT (-8.636189600402316 42.06648705859989)
1659,ARNOYA,,1,739,746,225,80.0000,,14,13,0,1486,32003,571282,4678299,76271,4690725,-8.0809,42.1510,-8.0815,42.1506,LOS DATOS DE 2007-08 A 2009-10 SON PROVISIONALES PENDIENTES DE REVISION,76159,4690518,A041,MINHO,1,2012,2020,1,POINT (-8.137396201793143 42.2517049648512)
1715,BOEZA,,1,106,867,127,827.0000,,14,13,0,1415,24071,721935,4729595,230361,4731290,-6.1728,42.4110,-6.1733,42.4106,LOS DATOS DE 2007-08 SON PROVISIONALES PENDIENTES DE REVISION,230251,4731084,A019,MINHO,1,2012,2020,1,POINT (-6.29254103161666 42.68491660587758)
1721,CACABELOS,,1,544,1200,158,474.0000,,14,14,0,1425,24030,686592,4719091,194344,4723315,-6.4332,42.3603,-6.4337,42.3559,,194233,4723109,N004,MINHO,1,2012,2020,1,POINT (-6.727034688811404 42.599779652449854)
1723,FABERO,,1,216,1200,126,644.0000,,14,13,0,1423,24196,692564,4736808,201563,4740575,-6.3849,42.4532,-6.3854,42.4528,LOS DATOS DE 2007-08 Y 2008-09 SON PROVISIONALES PENDIENTES DE REVISION,201453,4740369,A022,MINHO,1,2012,2020,1,POINT (-6.648280176900247 42.75772869026609)
1725,VEGUELLINA,DATOS 2013-14 NO EXISTE RELACION DIRECTA Y UNIVOCA ENTRE VARIABLES H-Q,1,118,501,126,689.0000,,13,13,0,1426,24209,682003,4730994,190608,4735523,-6.4640,42.4233,-6.4645,42.4229,LOS DATOS DE 2009-10 SON PROVISIONALES PENDIENTES DE REVISION.,190498,4735317,A142,MINHO,1,2012,2020,1,POINT (-6.779111222715044 42.70799241850998)
1726,VILLAFRANCA DEL BIERZO,DATOS 2013-14 NO EXISTE RELACION DIRECTA Y UNIVOCA ENTRE VARIABLES H-Q,1,434,501,158,491.0000,,14,13,0,1428,24209,679178,4719576,186977,4724325,-6.4857,42.3625,-6.4902,42.3621,LOS DATOS DE 2007-08 Y 2008-09 SON PROVISIONALES PENDIENTES DE REVISION,186866,4724119,A026,MINHO,1,2012,2020,1,POINT (-6.817195180669627 42.605901128725996)
1728,REQUEJO,,1,3100,7983,158,413.0000,,13,13,0,1430,24041,678907,4708759,185940,4713546,-6.4921,42.3035,-6.4926,42.3031,LOS DATOS DE 2008-09 SON PROVISIONALES PENDIENTES DE REVISION,185829,4713340,N007,MINHO,1,2012,2020,1,POINT (-6.823882096480941 42.508623021897215)
1729,OENCIA,,1,113,193,157,575.0000,,13,13,0,1431,24103,667936,4711256,175164,4716815,-6.5718,42.3205,-6.5724,42.3201,LOS DATOS DE 2008-09 Y 2009-10 SON PROVISIONALES PENDIENTES DE REVISION,175053,4716609,N008,MINHO,1,2012,2020,1,POINT (-6.956597158330079 42.53354514338836)
1734,PUENTE DE DOMINGO FLOREZ,,1,558,561,191,365.0000,2135.0000,94,104,29,1433,24122,680281,4698355,186576,4703062,-6.4832,42.2457,-6.4838,42.2453,DATOS MODIFICADOS 1944-45 (ANUARIO 13-14),186465,4702856,A029,MINHO,1,2005,2013,1,POINT (-6.810432565641969 42.41467204569298)
1753,PARADA,,1,369,370,189,242.0000,,14,13,0,1457,27050,636012,4702606,142670,4710438,-7.2045,42.2747,-7.2050,42.2743,LOS DATOS DE 2007-08 Y 2008-09 SON PROVISIONALES PENDIENTES DE REVISION,142559,4710232,A031,MINHO,1,2012,2020,1,POINT (-7.347214164976633 42.461952283329275)
1765,RIVAS ALTAS,,1,353,734,156,305.0000,1186.0000,95,101,31,1465,27031,625038,4712750,132427,4721349,-7.2837,42.3323,-7.2842,42.3318,"PROVISIONALES 2008-09. DATOS MODIFICADOS 43-45,47-49,50-51,54-56,57-59,60-61(ANUARIO13-14)",132316,4721143,A033,MINHO,1,2012,2020,1,POINT (-7.478427720691622 42.55512747739049)
1823,BOUZA DO VISO,,1,400,411,262,15.0000,,10,10,0,1500,36050,540906,4661676,44727,4676247,-8.3019,42.0619,-8.3024,42.0615,,44615,4676040,N023,MINHO,1,2012,2020,1,POINT (-8.506779492485276 42.10418045485599)
1824,GUNTIN,,1,166,268,97,409.0000,,10,10,0,1403,27023,605827,4749027,115816,4758958,-7.4215,42.5309,-7.4220,42.5305,,115705,4758752,N024,MINHO,1,2012,2020,1,POINT (-7.705600308827637 42.88460239693134)
1829,PUENTE FREIJO,,1,533,746,225,316.0000,,10,10,0,1484,32020,585153,4672847,89751,4684297,-7.5807,42.1209,-7.5812,42.1204,,89640,4684090,N029,MINHO,1,2012,2020,1,POINT (-7.970061187988845 42.20122592118636)
2000,VINUESA,,1,126,157,317,1090.0000,1880.0000,59,59,25,2004,42215,520210,4640160,520210,4640160,-2.4523,41.5445,-2.4527,41.5441,,520102,4639952,,DUERO,1,2012,2020,1,POINT (-2.7576104367250256 41.91125996741275)
2005,OSMA,,1,900,1035,377,890.0000,1335.0000,74,74,43,2060,42043,493125,4602860,493125,4602860,-3.0457,41.3436,-3.0502,41.3432,,493016,4602652,,DUERO,1,2012,2020,1,POINT (-3.083775424468759 41.575521507691334)
2012,SEPULVEDA,,1,480,1450,431,920.0000,2262.0000,71,77,37,2106,40195,438350,4572605,438350,4572605,-3.4411,41.1807,-3.4416,41.1802,,438241,4572398,,DUERO,1,2012,2020,1,POINT (-3.73769849193888 41.30067383902967)
2013,ARANDA DE DUERO,,1,7356,97620,375,790.0000,2315.0000,48,48,35,2067,9018,443439,4611795,443439,4611795,-3.4045,41.3919,-3.4050,41.3914,,443331,4611587,,DUERO,1,2012,2020,1,POINT (-3.680586463678748 41.654017083952326)
2015,HERRERA DE DUERO,,1,12740,97620,372,690.0000,2315.0000,98,108,61,2111,47175,361160,4603018,361160,4603018,-4.3954,41.3358,-4.3959,41.3354,,361051,4602811,,DUERO,1,2012,2020,1,POINT (-4.6664385847345295 41.56490677302473)
2016,PAJARES DE PEDRAZA,,1,280,2525,457,938.0000,2209.0000,98,108,53,2112,40019,428405,4557885,428405,4557885,-3.5112,41.1006,-3.5117,41.1002,,428296,4557678,,DUERO,1,2012,2020,1,POINT (-3.8547487878837847 41.167270262413815)
2017,NAVAPALOS,,1,6398,97620,377,868.0000,2315.0000,31,31,17,2063,42043,491500,4595350,491500,4595350,-3.0607,41.3032,-3.0611,41.3028,,491392,4595142,,DUERO,1,2012,2020,1,POINT (-3.1031482715023038 41.50786028443864)
2025,VILLANUEVA DE LOS INFANTES,,1,870,998,344,733.0000,,23,23,11,2209,47221,376870,4617815,376870,4617815,-4.2847,41.4207,-4.2852,41.4203,,376762,4617608,,DUERO,1,2012,2020,1,POINT (-4.481125707123278 41.700718622095586)
2026,ABIA DE LAS TORRES,,1,623,1063,198,816.0000,,21,21,9,2149,34003,383402,4697955,383402,4697955,-4.2502,42.2528,-4.2507,42.2524,,383294,4697748,,DUERO,1,2012,2020,1,POINT (-4.41861972615395 42.42327076552138)
2028,SALAS DE LOS INFANTES,,1,349,5380,277,958.0000,2131.0000,63,63,37,2161,9330,477119,4653831,477119,4653831,-3.1635,42.0208,-3.1640,42.0204,,477011,4653623,,DUERO,1,2012,2020,1,POINT (-3.2777349845742036 42.0343105052946)
2029,CORDOVILLA,,1,4227,15828,274,740.0000,2139.0000,98,108,47,2156,34063,396833,4665232,396833,4665232,-4.1454,42.0754,-4.1458,42.0750,,396725,4665025,,DUERO,1,2012,2020,1,POINT (-4.2495641893802505 42.130534463477034)
2030,COVARRUBIAS,,1,1200,5380,277,881.0000,2131.0000,97,107,48,2165,9113,458015,4656096,458015,4656096,-3.3027,42.0318,-3.3031,42.0314,,457907,4655889,,DUERO,1,2012,2020,1,POINT (-3.508690433073507 42.05392816641004)
2031,PERAL DE ARLANZA,,1,2413,5380,275,770.0000,2131.0000,99,109,48,2169,9262,410823,4659303,410823,4659303,-4.0441,42.0448,-4.0446,42.0444,,410715,4659096,,DUERO,1,2012,2020,1,POINT (-4.079419025234799 42.07886288006853)
2036,QUINTANA DEL PUENTE,,1,5256,5380,274,740.0000,2131.0000,97,107,45,2193,34084,397462,4656950,397462,4656950,-4.1421,42.0326,-4.1426,42.0322,,397354,4656743,,DUERO,1,2012,2020,1,POINT (-4.240501162111695 42.05604261787077)
2041,VILLALCAZAR DE SIRGA,,1,312,655,235,795.0000,1120.0000,73,75,56,2202,34215,374538,4686895,374538,4686895,-4.3121,42.1924,-4.3126,42.1920,,374430,4686688,,DUERO,1,2012,2020,1,POINT (-4.523920706410591 42.32231503446806)
2043,CABEZON DE PISUERGA,,1,14283,15828,343,698.0000,2139.0000,80,90,60,2206,47027,363795,4622535,363795,4622535,-4.3817,41.4432,-4.3821,41.4428,,363687,4622328,,DUERO,1,2012,2020,1,POINT (-4.639287547266593 41.74108242346898)
2046,AVILA,,1,770,5275,531,1066.0000,2297.0000,96,106,38,2214,5019,355772,4501495,355772,4501495,-4.4221,40.3904,-4.4226,40.3859,,355663,4501288,,DUERO,1,2012,2020,1,POINT (-4.707181425474013 40.64983832261001)
2047,MEDIANA DE VOLTOYA,,1,140,1074,506,1089.0000,1580.0000,61,61,42,2228,5123,370102,4508686,370102,4508686,-4.3216,40.4305,-4.3221,40.4301,,369993,4508479,,DUERO,1,2012,2020,1,POINT (-4.539240525881323 40.71697788271632)
2049,CABAÑES DE ESGUEVA,,1,271,998,346,871.0000,1412.0000,77,77,56,2207,9061,434465,4631375,434465,4631375,-3.4721,41.4951,-3.4726,41.4947,,434357,4631168,,DUERO,1,2012,2020,1,POINT (-3.7905138183924922 41.82967919282093)
2050,SEGOVIA,,1,252,2968,483,900.0000,2430.0000,87,97,40,2219,40194,403507,4534119,403507,4534119,-4.0852,40.5702,-4.0847,40.5707,DATOS MODIFICADOS 2014-15 (ANUARIO 15-16),403398,4533912,,DUERO,1,2012,2020,1,POINT (-4.147768652002756 40.950641220555944)
2053,BERNARDOS,,1,1438,2968,456,782.0000,2430.0000,57,57,30,2227,40030,387275,4557134,387275,4557134,-4.2036,41.0925,-4.2041,41.0921,,387166,4556927,,DUERO,1,2012,2020,1,POINT (-4.344795697009934 41.15582604595968)
2054,SAN MIGUEL DEL PINO,,1,36570,97620,371,670.0000,2815.0000,91,101,40,2231,47146,338985,4596727,338985,4596727,-4.5545,41.3019,-4.5550,41.3015,,338876,4596520,,DUERO,1,2012,2020,1,POINT (-4.930566440594485 41.504112582786824)
2055,SAN RAFAEL,,1,173,695,507,1045.0000,2193.0000,19,19,7,2222,40223,395260,4514523,395260,4514523,-4.1428,40.4628,-4.1433,40.4623,,395151,4514316,,DUERO,1,2012,2020,1,POINT (-4.242430679360729 40.773136268317934)
2056,VALDESTILLAS,,1,5202,5275,400,693.0000,2297.0000,93,103,55,2230,47182,352357,4594918,352357,4594918,-4.4607,41.2930,-4.4612,41.2925,,352248,4594711,,DUERO,1,2012,2020,1,POINT (-4.769978095550956 41.490403389715226)
2057,VILLOVELA DE PIRON,,1,172,1020,457,869.0000,2200.0000,49,49,32,2113,40075,405705,4552136,405705,4552136,-4.0723,41.0652,-4.0728,41.0647,,405596,4551929,,DUERO,1,2012,2020,1,POINT (-4.124415880979374 41.11316750845727)
2060,CEBRONES DEL RIO,,1,3192,5039,231,754.0000,2417.0000,49,49,31,2303,24053,266703,4681447,266703,4681447,-5.4940,42.1459,-5.4945,42.1454,,266593,4681240,,DUERO,1,2012,2020,1,POINT (-5.829246537222397 42.248466277565065)
2061,SANTA MARINA DEL REY,,1,1554,5039,160,835.0000,2417.0000,27,27,14,2291,24159,263627,4710140,263627,4710140,-5.5237,42.3024,-5.5242,42.3020,,263517,4709934,,DUERO,1,2012,2020,1,POINT (-5.87825922521961 42.505635833231224)
2062,TORO-DUERO,,1,41808,97620,370,637.0000,2315.0000,98,108,36,2247,49219,298767,4598960,298767,4598960,-5.2441,41.3059,-5.2446,41.3054,,298658,4598753,,DUERO,1,2012,2020,1,POINT (-5.412830229026607 41.51511372158074)
2074,CASTROPEPE,,1,6783,16081,308,703.0000,2408.0000,93,103,43,2284,49257,281660,4650491,281660,4650491,-5.3807,41.5832,-5.3812,41.5827,,281551,4650284,,DUERO,1,2012,2020,1,POINT (-5.636550634902595 41.97428642723396)
2081,PUENTE CONGOSTO,,1,1620,7257,528,913.0000,,24,24,12,2330,37261,285733,4486903,285733,4486903,-5.3143,40.3016,-5.3148,40.3012,CURVA DE GASTO 2006-07 PROVISIONAL,285624,4486696,,DUERO,1,2012,2020,1,POINT (-5.529985997487489 40.50329821753258)
2082,MORALES DEL REY,,1,650,657,270,724.0000,2188.0000,79,87,44,2308,49128,271646,4660092,271646,4660092,-5.4535,42.0332,-5.4540,42.0328,,271536,4659885,,DUERO,1,2012,2020,1,POINT (-5.761029578695336 42.05782028806892)
2089,MORLA DE LA VALDERIA,,1,280,657,230,965.0000,2188.0000,79,79,33,2308,24047,726887,4678357,231680,4679817,-6.1504,42.1325,-6.1509,42.1321,,231570,4679610,,DUERO,1,2012,2020,1,POINT (-6.252405009173331 42.22255931185595)
2095,BRETO,INT 2009,0,14263,16081,308,691.0000,2408.0000,71,72,0,2318,49025,270614,4639496,270614,4639496,-5.4551,41.5224,-5.4556,41.5220,,270504,4639289,,DUERO,1,2001,2009,1,POINT (-5.765456878108503 41.87223432446599)
2098,VILLAMANIN,,1,132,1174,103,1125.0000,,24,24,12,2273,24901,283253,4757225,283253,4757225,-5.3923,42.5610,-5.3928,42.5606,,283144,4757020,,DUERO,1,2012,2020,1,POINT (-5.657665687774341 42.93496516748679)
2101,MOLINOS DE DUERO,,1,135,97620,317,1100.0000,2315.0000,90,100,41,2003,42117,517868,4637657,517868,4637657,-2.4705,41.5324,-2.4709,41.5320,,517760,4637449,,DUERO,1,2012,2020,1,POINT (-2.7859253374037873 41.88877217842933)
2104,VILLAVERDE DE ARCAYOS,,1,355,1997,163,878.0000,1763.0000,57,57,31,2281,24004,332900,4720100,332900,4720100,-5.0214,42.3652,-5.0219,42.3648,,332791,4719894,,DUERO,1,2012,2020,1,POINT (-5.038660943799571 42.61335066443683)
2105,SANTERVAS DE CAMPOS,,1,283,3558,234,756.0000,1100.0000,22,21,9,2248,47153,327060,4676062,327060,4676062,-5.0543,42.1301,-5.0548,42.1257,,326951,4675856,,DUERO,1,2012,2020,1,POINT (-5.096569089329262 42.21572265442989)
2113,STA. EULALIA DE RIONEGRO,,1,391,424,268,820.0000,2124.0000,20,20,8,2314,49177,726365,4657628,229704,4659170,-6.1555,42.0215,-6.1600,42.0210,,229594,4658963,,DUERO,1,2012,2020,1,POINT (-6.266746041967846 42.036225504839386)
2114,COCA-VOLTOYA,,1,1070,1074,428,751.0000,1580.0000,19,19,7,2228,40057,371696,4563454,371696,4563454,-4.3149,41.1242,-4.3154,41.1238,,371587,4563247,,DUERO,1,2012,2020,1,POINT (-4.531737960357948 41.21041893702613)
2115,LEON,,1,620,1174,161,823.0000,2181.0000,18,18,6,2275,24089,288557,4719123,288557,4719123,-5.3437,42.3541,-5.3442,42.3537,,288448,4718917,,DUERO,1,2012,2020,1,POINT (-5.578463816124549 42.5936702774356)
2116,CELADA DEL CAMINO,,1,1702,2659,237,805.0000,2131.0000,44,44,32,2188,9125,423560,4678740,423560,4678740,-3.5536,42.1523,-3.5541,42.1519,,423452,4678533,,DUERO,1,2012,2020,1,POINT (-3.928009918614767 42.25524238621238)
2121,ZAMORA,,1,46137,97620,369,628.0000,2315.0000,18,18,6,2259,49275,272919,4599370,272919,4599370,-5.4316,41.3047,-5.4321,41.3043,,272809,4599163,,DUERO,1,2012,2020,1,POINT (-5.722435712662645 41.51188964889288)
2125,SOTOPALACIOS,INT 2013,0,281,350,200,850.0000,1062.0000,40,40,31,2179,9301,443955,4697207,443955,4697207,-3.4052,42.2528,-3.4057,42.2524,,443848,4697000,,DUERO,1,2005,2013,1,POINT (-3.6825606345501805 42.423280936089306)
2126,VILLARDIGA,,1,1462,3558,341,672.0000,1100.0000,44,44,28,2250,49035,292444,4627724,292444,4627724,-5.2950,41.4625,-5.2955,41.4620,,292335,4627518,,DUERO,1,2012,2020,1,POINT (-5.498521314301503 41.77234669133674)
2131,VILLAESCUSA DE LAS TORRES,,1,371,381,133,883.0000,,14,13,1,2133,34135,397993,4735473,397993,4735473,-4.1453,42.4547,-4.1448,42.4551,,397885,4735266,,DUERO,1,2012,2020,1,POINT (-4.2480250771750985 42.763125462074534)
2132,QUINTANILLA DE ONESIMO,,1,12093,97620,373,721.0000,2315.0000,45,45,32,2111,47129,386697,4609626,386697,4609626,-4.2137,41.3747,-4.2141,41.3742,,386589,4609419,,DUERO,1,2012,2020,1,POINT (-4.361499680639565 41.62844094236206)
2138,CASTRO DE LA LOMBA,,1,276,516,128,1015.0000,,14,13,1,2290,24132,258212,4739517,258212,4739517,-5.5719,42.4609,-5.5724,42.4605,,258102,4739311,,DUERO,1,2012,2020,1,POINT (-5.956573828257145 42.768170477174614)
2139,BURGOS-ARLANZON,,1,680,2659,200,852.0000,,11,11,0,2178,9059,439390,4688904,439390,4688904,-3.4409,42.2057,-3.4414,42.2053,,439282,4688697,,DUERO,1,2012,2020,1,POINT (-3.7371833918441117 42.348165929785864)
2141,PINILLA DE LOS MOROS,,1,288,301,277,965.0000,,11,11,0,2164,9269,472993,4657254,472993,4657254,-3.1935,42.0358,-3.1940,42.0354,,472885,4657046,,DUERO,1,2012,2020,1,POINT (-3.3277397719811934 42.06500811951586)
2143,CASTROBOL,INT 2013,0,1546,1997,271,743.0000,1763.0000,38,38,31,2283,47084,312563,4671389,312563,4671389,-5.1609,42.1017,-5.1614,42.1013,,312454,4671182,,DUERO,1,2005,2013,1,POINT (-5.270571624840265 42.170316376574526)
2144,CERNADILLA (EMBALSE),INT 2009,0,410,2409,267,895.0000,2124.0000,35,35,12,2313,49166,696006,4658773,199485,4662442,-6.3753,42.0321,-6.3758,42.0317,,199374,4662235,,DUERO,1,2001,2009,1,POINT (-6.632834402829015 42.05467276443329)
2145,MANGANESES DE LA POLVOROSA,,1,4959,5039,270,719.0000,2417.0000,26,26,13,2309,49238,273274,4657865,273274,4657865,-5.4421,42.0222,-5.4426,42.0218,,273164,4657658,,DUERO,1,2012,2020,1,POINT (-5.740514858250025 42.03825706497302)
2147,AMBASAGUAS,,1,285,296,130,880.0000,,11,11,0,2266,24151,305415,4731449,305415,4731449,-5.2234,42.4236,-5.2239,42.4232,,305306,4731243,,DUERO,1,2012,2020,1,POINT (-5.377394997835459 42.709016970082644)
2150,PARDAVE,,1,222,482,103,986.0000,2043.0000,21,21,9,2276,24098,295102,4744477,295102,4744477,-5.3024,42.4929,-5.3028,42.4925,,294993,4744271,,DUERO,1,2012,2020,1,POINT (-5.507938630594677 42.823545603845666)
2156,SAN FELIX DE LA VEGA,,1,781,1383,193,804.0000,,11,11,0,2300,24131,257126,4698618,257126,4698618,-5.5705,42.2404,-5.5709,42.2400,,257016,4698412,,DUERO,1,2012,2020,1,POINT (-5.952407106684423 42.39999386333922)
2163,ALMAZAN,,1,2959,97620,407,935.0000,,24,24,12,2029,42020,540984,4594543,540984,4594543,-2.3032,41.3003,-2.3037,41.2959,,540875,4594335,,DUERO,1,2012,2020,1,POINT (-2.5102644752827166 41.499594885010175)
2711,BENAMARIEL-2,,1,3980,16081,194,757.0000,2408.0000,21,21,9,2280,24212,288912,4693889,288912,4693889,-5.3348,42.2204,-5.3353,42.2200,,288802,4693683,,DUERO,1,2012,2020,1,POINT (-5.564858176983603 42.36674105028054)
2712,ALCONADA,,1,439,1117,479,830.0000,,14,14,2,2333,37012,301038,4532025,301038,4532025,-5.2150,40.5448,-5.2145,40.5452,,300928,4531818,,DUERO,1,2012,2020,1,POINT (-5.363850540819942 40.913256020795096)
2713,SANTIAGO DE LA VALDUERNA,,1,290,302,231,786.0000,,14,14,2,2301,24010,258896,4688464,258896,4688464,-5.5536,42.1833,-5.5531,42.1837,,258786,4688258,,DUERO,1,2012,2020,1,POINT (-5.926683662860856 42.309217152851005)
2714,LASTRAS DE CUELLAR,INT 2013,0,631,2525,430,838.0000,2209.0000,10,10,5,2112,40110,403618,4571889,403618,4571889,-4.0904,41.1731,-4.0909,41.1727,,403509,4571682,,DUERO,1,2005,2013,1,POINT (-4.152385581760388 41.29081977057682)
2716,CAMARZANA-REGATO,,1,257,269,307,730.0000,,13,13,1,2969,49033,747097,4654107,250140,4654204,-6.0100,41.5958,-6.0105,41.5954,LOS DATOS DE 2014-15 SON PROVISIONALES PENDIENTES DE REVISION,250030,4653997,,DUERO,1,2012,2020,1,POINT (-6.0180912866023855 41.9983196117584)
2717,VILLAVEZA DE VALVERDE,,1,186,204,308,710.0000,,14,14,2,2316,49272,263925,4648150,263925,4648150,-5.5058,41.5653,-5.5053,41.5657,,263815,4647943,,DUERO,1,2012,2020,1,POINT (-5.849428319451947 41.94811443927971)
2818,RABAL,,1,719,3310,303,366.0000,,51,50,14,2388,32053,630019,4634370,131881,4642697,-7.2602,41.5059,-7.2607,41.5055,,131770,4642490,,DUERO,1,2012,2020,1,POINT (-7.435287829429712 41.848640638550755)
3001,PERALEJOS DE LAS TRUCHAS,,1,410,71364,539,1143.0000,1920.0000,76,76,44,3003,19216,590482,4494462,590482,4494462,-1.5551,40.3543,-1.5555,40.3539,,590373,4494253,,TAJO,1,2012,2020,1,POINT (-1.931963871844488 40.59414482275486)
3005,TRILLO,,1,3253,71364,512,720.0000,1920.0000,79,88,53,3023,19291,535097,4505319,535097,4505319,-2.3505,40.4150,-2.3509,40.4146,DATOS MODIFICADOS DE 04/1999 Y 10/1999 RESPECTO A PUBLICADOS (ANUARIO 2012-13),534988,4505111,,TAJO,1,2012,2020,1,POINT (-2.585875487686972 40.696157486528634)
3012,"PORTUSA, LA",,1,27159,71364,628,430.0000,2430.0000,56,56,39,3179,45003,397740,4413445,398987,4415885,-4.1144,39.5151,-4.1149,39.5147,,398877,4415678,,TAJO,1,2012,2020,1,POINT (-4.1826747507085305 39.88513717012859)
3014,PUENTE ALGODOR,,1,23065,71364,629,462.0000,,12,11,0,3157,45102,425661,4419621,425661,4419621,-3.5211,39.5522,-3.5216,39.5518,,425551,4419414,,TAJO,1,2012,2020,1,POINT (-3.8711776711737085 39.92155602448206)
3030,VENTOSA,,1,944,1311,514,1016.0000,1920.0000,76,76,47,3010,19099,587360,4520525,587360,4520525,-1.5750,40.4949,-1.5755,40.4945,,587251,4520316,,TAJO,1,2012,2020,1,POINT (-1.9652259368898535 40.82923532533733)
3040,SANTA MARIA DEL VAL,,1,116,216,564,1175.0000,,11,11,0,3031,16197,582233,4483518,582233,4483518,-2.0147,40.2951,-2.0151,40.2947,,582124,4483309,,TAJO,1,2012,2020,1,POINT (-2.0308594111633025 40.49642524579642)
3045,PRIEGO (ESCABAS),,1,345,772,563,818.0000,1796.0000,71,80,32,3037,16170,558512,4477438,558512,4477438,-2.1836,40.2641,-2.1841,40.2637,"DATOS MODIFICADOS: 12/1969,07-08/1976,04/1998 Y 06/2002 (ANUARIO 12-13), 2008-09 (ANUARIO 13-14)",558403,4477230,,TAJO,1,2012,2020,1,POINT (-2.311326103938134 40.443671483486284)
3049,MATALLANA,,1,143,11597,459,940.0000,,11,11,0,3070,19060,472300,4544905,472300,4544905,-3.1951,41.0311,-3.1951,41.0311,,472191,4544697,,TAJO,1,2012,2020,1,POINT (-3.3309249883436642 41.05303301202569)
3051,ALGETE,,1,2448,11597,534,585.0000,2430.0000,79,88,33,3080,28009,452170,4493275,452170,4493275,-3.3355,40.3517,-3.3300,40.3513,DATOS MODIFICADOS DE 12/1913 RESPECTO A PUBLICADOS (ANUARIO 2012-13),452061,4493067,,TAJO,1,2012,2020,1,POINT (-3.566490796041405 40.5870091962803)
3052,MEJORADA DEL CAMPO,,1,7005,11597,560,550.0000,2430.0000,96,105,42,3112,28123,456875,4471956,456875,4471956,-3.3029,40.2347,-3.3034,40.2343,,456766,4471748,,TAJO,1,2012,2020,1,POINT (-3.509439984800071 40.39521246704042)
3062,ESPINILLOS,,1,4031,4144,560,565.0000,2036.0000,98,108,38,3111,28005,464370,4479095,464370,4479095,-3.2513,40.2740,-3.2518,40.2736,DATOS MODIFICADOS DE 02/1926 y 01/1922 RESPECTO A PUBLICADOS (ANUARIO 2012-13),464261,4478887,,TAJO,1,2012,2020,1,POINT (-3.4215278507895763 40.45988229412863)
3100,VILLALBA,,1,234,1703,533,850.0000,2181.0000,52,51,27,3166,28047,415044,4498174,415044,4498174,-4.0016,40.3746,-4.0021,40.3741,,414935,4497967,,TAJO,1,2012,2020,1,POINT (-4.005816713391907 40.62816148132514)
3103,BATRES,,1,962,1703,581,542.0000,,11,11,0,3172,28017,419663,4452782,419663,4452782,-3.5643,40.1311,-3.5644,40.1311,,419553,4452575,,TAJO,1,2012,2020,1,POINT (-3.9454774837748805 40.219737337804126)
3144,"VILLAR, EL",,1,386,394,575,352.0000,2395.0000,50,50,29,3347,10090,746789,4450918,235853,4451505,-6.0607,40.1018,-6.0612,40.1014,,235744,4451299,,TAJO,1,2012,2020,1,POINT (-6.10326823129802 40.1704900789673)
3146,"TORNO, EL",,1,313,637,598,380.0000,2395.0000,43,50,19,3353,10184,249042,4444481,249042,4444481,-5.5640,40.0645,-5.5645,40.0641,,248933,4444275,AR42,TAJO,1,2012,2020,1,POINT (-5.94584999399891 40.11133710245722)
3161,ARENAS DE SAN PEDRO,,1,730,4507,601,367.0000,2188.0000,53,53,31,3268,45130,325878,4446776,325878,4446776,-5.0239,40.0909,-5.0244,40.0905,,325768,4446569,,TAJO,1,2012,2020,1,POINT (-5.045601993055269 40.15141488092869)
3163,PIEDRAS ALBAS,,1,887,1294,648,172.0000,,49,48,25,3378,10008,672712,4409381,159104,4415026,-6.5856,39.4858,-6.5901,39.4854,,158996,4414820,,TAJO,1,2012,2020,1,POINT (-6.983591073746917 39.8149854693192)
3165,VALVERDE DE LOS ARROYOS,,1,284,547,459,1062.0000,,10,10,0,3102,19311,483827,4553958,483827,4553958,-3.1139,41.0806,-3.1138,41.0806,,483718,4553750,,TAJO,1,2012,2020,1,POINT (-3.1939953343304386 41.134895044690396)
3168,MONROY,,1,787,3110,679,315.0000,1601.0000,37,37,12,3308,10195,246224,4394787,246224,4394787,-5.5730,39.3952,-5.5734,39.3948,,246115,4394581,AR50,TAJO,1,2012,2020,1,POINT (-5.959565764357405 39.66335232695928)
3169,MEMBRIO,,1,2058,2116,676,149.0000,710.0000,53,53,22,3392,10119,672137,4382627,156738,4388341,-6.5945,39.3431,-6.5950,39.3427,,156630,4388135,,TAJO,1,2012,2020,1,POINT (-6.997285980065396 39.57418292635626)
3174,PUENTE TITULCIA,,1,8890,11597,605,498.0000,,12,12,0,3128,28040,450631,4443307,450631,4443307,-3.3446,40.0817,-3.3451,40.0812,,450521,4443099,,TAJO,1,2012,2020,1,POINT (-3.5808116626623887 40.13676825246223)
3175,ARANJUEZ (P.LARGO),INT 2009,0,11549,11597,605,491.0000,2430.0000,42,41,33,3148,28013,448220,4437480,448220,4437480,-3.3626,40.0507,-3.3631,40.0503,,448110,4437272,,TAJO,1,2001,2009,1,POINT (-3.6086437101925832 40.084126706540836)
3180,SAN MARTIN DE VALDEIGLESIAS,,1,629,638,557,580.0000,1902.0000,32,32,3,3219,5057,387901,4474460,387901,4474460,-4.1916,40.2445,-4.1921,40.2441,,387792,4474253,AR22,TAJO,1,2012,2020,1,POINT (-4.3224819803155565 40.41133877282704)
3182,GARCIBUEY,,1,426,5385,527,520.0000,1433.0000,52,52,25,3330,37298,250434,4487864,250434,4487864,-5.5642,40.3012,-5.5647,40.3006,DATOS MODIFICADOS DE 08/1979 Y 03/1986 RESPECTO A PUBLICADOS (ANUARIO 2012-13),250325,4487657,,TAJO,1,2012,2020,1,POINT (-5.946464385547922 40.502078806100094)
3184,"BAZAGONA, LA",,1,4090,4507,623,230.0000,2592.0000,51,51,28,3294,10116,251896,4424564,251896,4424564,-5.5412,39.5603,-5.5417,39.5559,DATOS MODIFICADOS DE 10/1979 RESPECTO A PUBLICADOS (ANUARIO 2012-13),251787,4424358,,TAJO,1,2012,2020,1,POINT (-5.904787601742614 39.93296783717486)
3186,PRIEGO-TRABAQUE,,1,361,409,563,798.0000,1618.0000,52,52,34,3042,16170,557263,4475312,557263,4475312,-2.1930,40.2533,-2.1935,40.2529,DATOS MODIFICADOS DE 10/1970 Y 01/1977 RESPECTO A PUBLICADOS (ANUARIO 2012-13),557154,4475104,,TAJO,1,2012,2020,1,POINT (-2.3262442230421905 40.42460620755072)
3193,TOROTE,,1,252,253,560,579.0000,940.0000,41,41,16,3110,28005,464489,4480141,464489,4480141,-3.2508,40.2814,-3.2513,40.2810,DATOS MODIFICADOS DE 10 Y 12/2004 RESPECTO A PUBLICADOS (ANUARIO 2012-13),464380,4479933,,TAJO,1,2012,2020,1,POINT (-3.4201830433642413 40.46931064488597)
3198,VILLAMANTILLA,,1,261,532,558,497.0000,1461.0000,50,50,24,3221,28095,403611,4469632,403611,4469632,-4.0807,40.2216,-4.0812,40.2211,,403501,4469425,,TAJO,1,2012,2020,1,POINT (-4.136641843410369 40.36982032535015)
3200,SOTOSERRANO,,1,239,239,552,405.0000,2425.0000,53,53,32,3335,37313,753424,4479366,244400,4479440,-6.0046,40.2532,-6.0051,40.2528,,244291,4479233,,TAJO,1,2012,2020,1,POINT (-6.014187657332692 40.42445498708032)
3211,VILLAREJO DE MONTALBAN,,1,140,340,655,509.0000,1369.0000,51,51,29,3194,45194,365900,4403721,365900,4403721,-4.3357,39.4620,-4.3401,39.4616,DATOS MODIFICADOS DE 03/1974 RESPECTO A PUBLICADOS (ANUARIO 2012-13),365790,4403514,,TAJO,1,2012,2020,1,POINT (-4.567029280925807 39.77098911305547)
3212,MALPICA,,1,423,424,627,388.0000,1419.0000,48,48,21,3200,45089,364915,4420110,364915,4420110,-4.3450,39.5511,-4.3455,39.5506,DATOS MODIFICADOS DE 07/1979 RESPECTO A PUBLICADOS (ANUARIO 2012-13),364805,4419903,,TAJO,1,2012,2020,1,POINT (-4.581910684520291 39.91844262355129)
3213,ALCAUDETE DE LA JARA,,1,196,313,655,425.0000,1378.0000,49,49,31,3240,45006,341920,4404300,341920,4404300,-4.5045,39.4624,-4.5049,39.4620,DATOS MODIFICADOS DE 03/1973 RESPECTO A PUBLICADOS (ANUARIO 2012-13),341810,4404093,,TAJO,1,2012,2020,1,POINT (-4.8470314370294725 39.772086181371)
3217,HORCAJO DE MONTEMAYOR,,1,177,211,552,717.0000,1524.0000,50,50,24,3331,37161,254621,4479296,254621,4479296,-5.5333,40.2539,-5.5338,40.2534,,254512,4479089,,TAJO,1,2012,2020,1,POINT (-5.893800115547768 40.42623658434648)
3218,MIRANDA DEL CASTAÑAR,,1,101,125,552,509.0000,1723.0000,49,49,20,3333,37193,753837,4486128,245271,4486158,-6.0019,40.2911,-6.0024,40.2907,,245162,4485951,,TAJO,1,2012,2020,1,POINT (-6.006629356813501 40.48516175333188)
3220,SANTA MARTA DE MAGASCA,,1,457,1030,679,270.0000,998.0000,50,50,19,3313,10037,748101,4376532,232173,4377190,-6.0653,39.3007,-6.0658,39.3003,,232064,4376984,,TAJO,1,2012,2020,1,POINT (-6.116032378599004 39.50074358647191)
3221,BOHONAL DE IBOR,,1,266,279,652,319.0000,1601.0000,49,48,24,3258,10030,284303,4405651,284303,4405651,-5.3106,39.4622,-5.3111,39.4618,,284194,4405445,,TAJO,1,2012,2020,1,POINT (-5.519671242007127 39.77160655542141)
3222,PERALEDA DE SAN ROMAN,,1,184,200,653,330.0000,1429.0000,48,48,30,3256,10141,292843,4404203,292843,4404203,-5.2506,39.4543,-5.2511,39.4538,,292733,4403997,,TAJO,1,2012,2020,1,POINT (-5.419601840944713 39.76069260159985)
3231,NAVALUENGA,,1,698,4104,556,753.0000,2198.0000,47,47,20,3208,5163,355485,4474600,355485,4474600,-4.4211,40.2432,-4.4216,40.2427,,355375,4474393,,TAJO,1,2012,2020,1,POINT (-4.7044377688939525 40.407599307610326)
3234,JARAIZ DE LA VERA,,1,224,265,599,260.0000,,47,47,20,3291,10104,268465,4432150,268465,4432150,-5.4245,40.0026,-5.4250,40.0021,,268356,4431944,,TAJO,1,2012,2020,1,POINT (-5.71379653166905 40.00593431181961)
3235,NUÑOMORAL,,1,109,140,551,411.0000,,47,47,22,3339,10135,738671,4474341,229338,4475427,-6.1118,40.2305,-6.1123,40.2301,,229229,4475220,,TAJO,1,2012,2020,1,POINT (-6.189772058845757 40.383594742985714)
3242,CASAR DE PALOMERO,,1,188,279,574,398.0000,,34,34,7,3343,10041,732603,4465166,222661,4466683,-6.1547,40.1814,-6.1552,40.1810,,222552,4466476,AR40,TAJO,1,2012,2020,1,POINT (-6.264512033422528 40.30275068772366)
3244,CAMPILLO DE DELEITOSA,,1,120,204,652,305.0000,,44,44,23,3260,10042,278620,4400508,278620,4400508,-5.3458,39.4330,-5.3503,39.4326,,278511,4400302,,TAJO,1,2012,2020,1,POINT (-5.584229870957462 39.72385538560957)
3246,AYUELA,,1,252,390,729,335.0000,,44,42,18,3381,10037,716651,4357108,199490,4359894,-6.2911,39.2008,-6.2916,39.2004,,199381,4359688,,TAJO,1,2012,2020,1,POINT (-6.487731864848476 39.33438343848471)
3250,TRUJILLO,,1,231,414,705,395.0000,,42,42,17,3314,10195,248365,4371828,248365,4371828,-5.5529,39.2731,-5.5533,39.2727,,248256,4371622,,TAJO,1,2012,2020,1,POINT (-5.92593703464166 39.457384756562)
3253,ALCANTARA,INT 2006,0,208,208,676,152.0000,,28,28,8,3391,10008,672505,4382497,157097,4388187,-6.5930,39.3427,-6.5935,39.3423,,156989,4387981,,TAJO,1,1998,2006,1,POINT (-6.993036728674751 39.572942273141095)
3256,ALDEANUEVA DE BARBARROYA,,1,377,392,654,385.0000,,42,42,12,3248,45111,323755,4401285,323755,4401285,-5.0325,39.4433,-5.0329,39.4429,,323645,4401078,,TAJO,1,2012,2020,1,POINT (-5.058195789082994 39.741369820233395)
3261,MAJADA,,1,395,397,600,264.0000,,40,40,17,3285,10180,292302,4437110,292302,4437110,-5.2606,40.0329,-5.2611,40.0324,,292193,4436904,,TAJO,1,2012,2020,1,POINT (-5.436377905827635 40.05678384035732)
3268,TARAVILLAS,,1,206,206,514,1107.0000,,39,39,21,3004,19223,587480,4503935,587480,4503935,-1.5753,40.4051,-1.5758,40.4047,DATOS MODIFICADOS DE 02/2001 RESPECTO A PUBLICADOS (ANUARIO 2012-13),587371,4503726,,TAJO,1,2012,2020,1,POINT (-1.9661206067730599 40.679793923072246)
3269,CERECEDA,,1,105,112,537,720.0000,,14,13,1,3026,19211,529595,4498465,529595,4498465,-2.3900,40.3809,-2.3905,40.3805,,529486,4498257,,TAJO,1,2012,2020,1,POINT (-2.6513186460866924 40.634627801809735)
3276,TORREJON,,1,158,250,651,220.0000,,37,36,18,3300,10190,754788,4410352,241105,4410490,-6.0126,39.4816,-6.0131,39.4811,,240996,4410284,,TAJO,1,2012,2020,1,POINT (-6.025337182102929 39.80310727562031)
3278,VALENCIA DE ALCANTARA,,1,169,355,701,313.0000,,35,35,20,3401,10203,654383,4370285,138179,4377197,-7.1219,39.2804,-7.1224,39.2759,,138071,4376991,,TAJO,1,2012,2020,1,POINT (-7.2067476843177 39.46641505353045)
3279,TRUJILLO,,1,260,420,679,372.0000,,33,33,16,3309,10195,250272,4388244,250272,4388244,-5.5431,39.3625,-5.5436,39.3620,,250163,4388038,,TAJO,1,2012,2020,1,POINT (-5.909965283626979 39.60566618026019)
4207,MALAGON (P. DERV.) VERTIDOS,INT 2002,0,312,687,736,626.0000,1100.0000,57,56,0,4026,13052,424128,4336768,424128,4336768,-3.5242,39.1034,-3.5247,39.1030,,424017,4336561,,GUADIANA,1,1995,2003,1,POINT (-3.879648855313294 39.17496144501814)
4212,ALIA,,1,287,287,708,371.0000,1441.0000,41,41,18,4060,10017,325293,4360744,325293,4360744,-5.0142,39.2240,-5.0146,39.2236,"LOS DATOS DE 2010-11, 2018-19 Y 2019-20 SON PROVISIONALES, PENDIENTES DE REVISION",325183,4360537,CR2-05,GUADIANA,1,2004,2012,1,POINT (-5.029584570389222 39.37662328314273)
4214,PUENTE DE LUCIANA,,1,2029,2034,783,536.0000,1430.0000,70,80,0,4040,13051,388614,4316121,388614,4316121,-4.1710,38.5911,-4.1714,38.5906,"DATOS DESDE 2000-01 A 2004-05, 2010-11 Y 2019-20 SON PROVISIONALES, PENDIENTES DE REVISIÓN",388503,4315914,CR1-21,GUADIANA,1,1994,2002,1,POINT (-4.287324508699238 38.9851252418431)
4255,BADAJOZ,,1,2165,2184,775,167.0000,,49,49,13,4139,6015,677163,4309571,156913,4315034,-6.5724,38.5459,-6.5729,38.5455,CURVAS DE GASTO 2005-11 PROVISIONALES. FIABILIDAD ESCASA CG 2013-14 PARA VALORES ELEVADOS,156805,4314829,,GUADIANA,1,2003,2011,1,POINT (-6.957982586956418 38.915288335370626)
5045,LOJA,,1,4210,8415,1008,443.0000,3478.0000,96,106,23,5276,18122,396540,4115132,396540,4115132,-4.0955,37.1035,-4.1000,37.1030,MAXIMOS DE 2000-01 A 2004-05. DATOS DE 2010-11 Y 2013-14 PENDIENTES DE REVISION,396428,4114926,A15,GUADALQUIVIR,1,2001,2009,1,POINT (-4.166701069203284 37.17502511032413)
5050,GÜEJAR-SIERRA,,1,163,8415,1027,970.0000,3482.0000,25,25,3,5230,18094,461526,4112281,461526,4112281,-3.2600,37.0920,-3.2604,37.0915,DE 2000-01 A 2004-05 MAXIMOS PENDIENTES DE REVISION,461414,4112075,,GUADALQUIVIR,1,1999,2007,1,POINT (-3.4345455419452118 37.15427323881439)
5056,GERENA,,1,240,1281,961,52.0000,,31,30,3,5393,41045,748488,4156904,218237,4157966,-6.1118,37.3130,-6.1122,37.3126,DE 2000-01 A 2004-05 MAXIMOS PENDIENTES DE REVISION,218126,4157762,,GUADALQUIVIR,1,2001,2009,1,POINT (-6.18956131448705 37.52378778744538)
5083,PUENTE NUEVO,INT 2009,0,775,1112,947,380.0000,2167.0000,40,39,3,5098,23050,434478,4182350,434478,4182350,-3.4439,37.4708,-3.4443,37.4703,DE 2000-01 A 2004-05 MAXIMOS PENDIENTES DE REVISION,434366,4182144,,GUADALQUIVIR,1,2001,2009,1,POINT (-3.7453793092205623 37.78429388197804)
5107,MARMOLEJO,INT 2009,0,498,503,904,189.0000,1298.0000,38,38,3,5130,23059,400004,4209987,400004,4209987,-4.0822,38.0153,-4.8206,38.1409,DE 2000-01 A 2004-05 MAXIMOS PENDIENTES DE REVISION,399892,4209781,,GUADALQUIVIR,1,2001,2009,1,POINT (-4.14066670721077 38.030211317490505)
5123,MADREFUENTES,,1,370,388,964,62.0000,307.0000,35,35,3,5308,14049,292345,4171136,292345,4171136,-5.2115,37.3948,-5.2120,37.3943,DE 2000-01 A 2004-05 MAXIMOS PENDIENTES DE REVISION,292234,4170931,A52,GUADALQUIVIR,1,1996,2004,1,POINT (-5.355488751774906 37.662057998049846)
5136,SANTO TOME,,1,185,189,907,418.0000,1270.0000,29,29,4,5008,23080,490914,4208710,490914,4208710,-3.0613,38.0132,-3.0617,38.0127,DE 2000-01 A 2004-05 MAXIMOS PENDIENTES DE REVISION.DATOS 2016-17 EN REVISION,490803,4208503,,GUADALQUIVIR,1,2001,2009,1,POINT (-3.1047870194061864 38.02417975497682)
5138,PUERTOLLANO,,1,228,338,836,644.0000,1094.0000,29,29,5,5109,13071,411442,4279671,411442,4279671,-4.0104,38.3938,-4.0109,38.3934,DE 2000-01 A 2004-05 MAXIMOS PENDIENTES DE REVISION,411331,4279464,A29,GUADALQUIVIR,1,2012,2020,1,POINT (-4.019107925324544 38.659313676112724)
5140,VILLANUEVA DE LAS TORRES,,1,1685,1718,971,658.0000,,52,55,4,5043,18064,490808,4154409,490808,4154409,-3.0615,37.3210,-3.0619,37.3205,MAXIMOS DE 2000-01 A 2004-05 Y DATOS DE 2010-11 Y 2016-17 PENDIENTES DE REVISION,490697,4154202,A02,GUADALQUIVIR,1,2001,2009,1,POINT (-3.1052981780726703 37.53475164068247)
5141,MONTORO,INT 2006,0,407,408,903,156.0000,823.0000,20,20,2,5148,14043,374733,4211493,374733,4211493,-4.2539,38.0231,-4.2543,38.0226,DE 2000-01 A 2004-05 MAXIMOS PENDIENTES DE REVISION,374621,4211287,,GUADALQUIVIR,1,1998,2006,1,POINT (-4.4288030713047295 38.040634748855034)
5142,PORCUNA,,1,670,810,924,229.0000,,37,37,3,5140,23069,393330,4192940,393330,4192940,-4.1246,37.5238,-4.1251,37.5233,DE 2000-01 A 2004-05 MAXIMOS PENDIENTES DE REVISION. DATOS 2016-17 EN REVISION,393218,4192734,A11,GUADALQUIVIR,1,2001,2009,1,POINT (-4.21416605651239 37.87583953199473)
5145,"PEDROSO, EL",,1,297,682,920,291.0000,,33,33,5,5332,41073,259654,4193270,259654,4193270,-5.4354,37.5117,-5.4359,37.5112,DE 2000-01 A 2004-05 MAXIMOS PENDIENTES DE REVISION. DATOS 2016-17 EN REVISION,259543,4193065,A12,GUADALQUIVIR,1,2012,2020,1,POINT (-5.733081094500075 37.853351038505984)
7112,CALASPARRA (NUEVA),OBTENCION DE DATOS DIARIOS SEGUN DIA HIDROLOGICO (8 A 8),1,5687,14936,890,268.0000,,18,18,2,7036,30013,613774,4234619,613774,4234619,-1.4159,38.1506,-1.4204,38.1502,,613663,4234412,03A03A1,SEGURA,1,2008,2016,1,POINT (-1.7009876096036847 38.25054605469772)
7121,RINCON DE BENISCORNIA,OBTENCION DE DATOS DIARIOS SEGUN DIA HIDROLOGICO (8 A 8),1,9741,14936,934,45.0000,,16,15,0,7054,30027,661141,4205936,661141,4205936,-1.0954,37.5910,-1.0959,37.5906,LOS DATOS DE 2011-12 Y 2013-14 SON PROVISIONALES PENDIENTES DE REVISION,661030,4205728,01A02A1,SEGURA,1,2008,2016,1,POINT (-1.1663416242170188 37.98491961200163)
8018,ZAGRA,,1,4052,6394,638,540.0000,2024.0000,71,71,52,8150,46247,658720,4411888,658720,4411888,-1.0842,39.5029,-1.0847,39.5025,,658611,4411679,6A01,JUCAR,1,2012,2020,1,POINT (-1.146220975597458 39.84032269820387)
8028,VILLALBA ALTA,,1,478,1398,542,1060.0000,2024.0000,76,76,56,8137,44182,671349,4498136,671349,4498136,-0.5828,40.3656,-0.5833,40.3653,,671240,4497927,3A01,JUCAR,1,2012,2020,1,POINT (-0.9757052375442448 40.614437308983675)
8029,MONTABERNER,,1,320,1301,795,162.0000,,31,31,15,8109,46173,717336,4307944,717336,4307944,-0.2939,38.5334,-0.2944,38.5331,LOS DATOS DE 2016-17 SON PROVISIONALES PENDIENTES DE REVISION,717226,4307736,7A03,JUCAR,1,2012,2020,1,POINT (-0.4953637209642564 38.89165882168407)
8060,REQUENA,,1,668,1544,720,650.0000,1419.0000,75,85,21,8121,46213,662099,4371752,662099,4371752,-1.0655,39.2846,-1.0700,39.2842,,661989,4371544,5A02,JUCAR,1,2012,2020,1,POINT (-1.116599785936993 39.47825230962008)
8087,BELMONTEJO,,1,187,208,662,830.0000,1062.0000,81,91,30,8045,16034,556175,4408006,556175,4408006,-2.2037,39.4910,-2.2042,39.4906,,556065,4407798,4R04,JUCAR,1,2012,2020,1,POINT (-2.344926619715648 39.81831935209207)
8090,PAJARONCILLO,,1,829,4754,636,940.0000,1839.0000,72,72,57,8077,16147,610230,4422140,610230,4422140,-1.4235,39.5630,-1.4240,39.5625,,610121,4421931,5A01,JUCAR,1,2012,2020,1,POINT (-1.71105851815215 39.94034131369058)
8091,CASTELLAR,,1,1793,21579,634,817.0000,1839.0000,55,55,37,8044,16191,561000,4411800,561000,4411800,-2.1713,39.5112,-2.1718,39.5108,,560890,4411592,4A02,JUCAR,1,2012,2020,1,POINT (-2.2882016261167126 39.8521689070905)
8103,TORREALTA,,1,3094,6394,612,730.0000,2024.0000,16,16,4,8144,46242,648545,4442258,648545,4442258,-1.1525,40.0701,-1.1530,40.0656,,648436,4442049,3A04,JUCAR,1,2012,2020,1,POINT (-1.2581564889581813 40.1156642804113)
8104,LOS SANTOS,,1,241,245,612,750.0000,,32,32,17,8145,46092,645963,4441366,645963,4441366,-1.1715,40.0633,-1.1719,40.0629,,645854,4441157,3R01,JUCAR,1,2012,2020,1,POINT (-1.2886438600871735 40.10808293770788)
8118,VALVERDE DE JUCAR,INT 2004,0,257,393,662,820.0000,1174.0000,38,37,36,8047,16903,568870,4399178,568870,4399178,-2.1147,39.4421,-2.1151,39.4416,,568760,4398970,,JUCAR,1,1996,2004,1,POINT (-2.1975327234586355 39.737853378326754)
8120,CALLES,,1,430,430,666,350.0000,,15,14,2,8155,46079,675354,4398728,675354,4398728,-0.5716,39.4311,-0.5722,39.4306,,675244,4398519,6A02,JUCAR,1,2008,2016,1,POINT (-0.9554436904162121 39.71855650151159)
8126,VENTA DE JUAN ROMERO,,1,250,21579,588,1170.0000,1839.0000,45,43,25,8036,16078,598106,4453242,598106,4453242,-1.5050,40.1323,-1.5055,40.1319,,597997,4453033,5A04,JUCAR,1,2012,2020,1,POINT (-1.8482269113825527 40.22199442597303)
8134,ARENOS ENTRADA E. (C.E. LOS CANTOS),,1,1396,4028,614,602.0000,,31,31,14,8184,12092,704144,4443552,704144,4443552,-0.3616,40.0701,-0.3622,40.0657,,704034,4443343,2E02,JUCAR,1,2012,2020,1,POINT (-0.6057899555423435 40.11566792500377)
8149,GEA DE ALBARRACIN,,1,736,6394,566,993.0000,,14,13,1,8134,44117,645187,4473105,645187,4473105,-1.1722,40.2343,-1.1726,40.2339,,645078,4472896,3A05,JUCAR,1,2012,2020,1,POINT (-1.290566888219274 40.39403977651182)
9002,CASTEJON,,1,25194,85001,242,265.0000,2886.0000,87,89,58,9241,31070,607902,4670804,607902,4670804,-1.4136,42.1052,-1.4141,42.1048,DATOS MODIFICADOS DE 1996-97 A 2006-07 (ANUARIO 15-16),607794,4670595,A002,EBRO,1,2012,2020,1,POINT (-1.6947417992834104 42.180078796886136)
9003,ANDOSILLA,,1,1445,1461,205,304.0000,1438.0000,96,107,43,9152,31015,586644,4692055,586644,4692055,-1.5652,42.2231,-1.5656,42.2227,LOS DATOS DE 2009-10 Y 2010-11 SON PROVISIONALES PENDIENTES DE REVISION,586537,4691846,A003,EBRO,1,2012,2020,1,POINT (-1.9489165013651717 42.374077708511166)
9004,FUNES,,1,2759,2759,244,284.0000,1494.0000,95,105,27,9231,31107,598895,4685633,598895,4685633,-1.4760,42.1857,-1.4804,42.1853,DATOS MODIFICADOS DE 1980-81 A 2018-19 (ANUARIO 19-20),598788,4685424,A004,EBRO,1,2012,2020,1,POINT (-1.801244007049696 42.31479248530902)
9011,ZARAGOZA,,1,40434,85001,383,201.0000,2886.0000,98,109,63,9289,50297,676533,4614247,676533,4614247,-0.5247,41.3935,-0.5252,41.3931,DATOS MODIFICADOS DE 1996-97 A 2006-07 (ANUARIO 15-16),676425,4614038,A011,EBRO,1,2012,2020,1,POINT (-0.881063277816055 41.658572451278)
9020,PUIGCERDA,,1,153,157,217,1189.0000,2921.0000,79,84,34,9384,17141,903828,4711283,903828,4711283,1.5436,42.2652,1.5431,42.2649,DATOS MODIFICADOS DE 2008-09 A 2014-15 (ANUARIO 15-16),903720,4711072,A020,EBRO,1,2012,2020,1,POINT (1.908759517834907 42.44679273492119)
9021,PUIGCERDA,,1,311,22579,217,1120.0000,2909.0000,81,86,42,9383,17141,905987,4708819,905987,4708819,1.5604,42.2529,1.5559,42.2525,LOS DATOS DE 2009-10 Y 2010-11 SON PROVISIONALES PENDIENTES DE REVISION,905879,4708608,A021,EBRO,1,2008,2016,1,POINT (1.9331775294661764 42.423558501443544)
9023,SEO DE URGEL,,1,1233,22579,215,670.0000,2921.0000,93,93,46,9401,25203,867444,4698760,867444,4698760,1.2739,42.2113,1.2735,42.2109,"LOS DATOS DE 2007-08, 2009-10 Y 2010-11 SON PROVISIONALES PENDIENTES DE REVISION",867336,4698549,A023,EBRO,1,2012,2020,1,POINT (1.4597559778882085 42.352431735234696)
9030,SANTOLEA,INT 2010,0,1002,3892,519,584.0000,1997.0000,63,63,40,9364,44071,722311,4513402,722311,4513402,-0.2202,40.4427,-0.2206,40.4423,LOS DATOS DE 2009-10 Y 2010-11 SON PROVISIONALES PENDIENTES DE REVISION,722202,4513193,A030,EBRO,1,2003,2010,1,POINT (-0.3683969690366961 40.739695709912745)
9033,PERALTA DE ALCOFEA,,1,765,3385,325,310.0000,2077.0000,76,81,28,9615,22124,738512,4644293,738512,4644293,-0.0727,41.5450,-0.0732,41.5446,LOS DATOS DE 2009-10 Y 2010-11 SON PROVISIONALES PENDIENTES DE REVISION,738404,4644083,A033,EBRO,1,2012,2020,1,POINT (-0.1253938670620232 41.91272489381292)
9038,TORREMONTALVO,,1,1090,1100,203,420.0000,2202.0000,73,78,48,9124,26046,526066,4705363,526066,4705363,-2.4058,42.2958,-2.4103,42.2954,LOS DATOS DE 2009-10 Y 2010-11 SON PROVISIONALES PENDIENTES DE REVISION,525959,4705155,A038,EBRO,1,2012,2020,1,POINT (-2.6840755052496856 42.49832104264013)
9040,BOLTAÑA,,1,626,718,211,680.0000,3355.0000,77,77,24,9561,22066,317354,4700803,753305,4703010,0.4646,42.2614,0.4642,42.2610,LOS DATOS DE 2009-10 Y 2010-11 SON PROVISIONALES PENDIENTES DE REVISION,753198,4702800,A040,EBRO,1,2012,2020,1,POINT (0.078274569572817 42.436193423878706)
9041,NAVARRETE DEL RIO,,1,364,465,491,904.0000,1496.0000,77,88,17,9276,44050,646619,4532671,646619,4532671,-1.1531,40.5553,-1.1536,40.5549,LOS DATOS DE 2009-10 Y 2010-11 SON PROVISIONALES PENDIENTES DE REVISION,646510,4532462,A041,EBRO,1,2012,2020,1,POINT (-1.2598130219298909 40.93015940393985)
9044,YANGUAS,,1,223,692,280,940.0000,1792.0000,76,85,56,9158,42218,555320,4661829,555320,4661829,-2.1951,42.0621,-2.1956,42.0617,,555212,4661621,A044,EBRO,1,2006,2014,1,POINT (-2.3322356796693082 42.10473801086613)
9051,ESCALONA,,1,835,9699,211,530.0000,3355.0000,56,56,0,9556,22189,265851,4706992,759055,4707873,0.0905,42.2845,0.0901,42.2841,DATOS DE 2005-09 PENDIENTES DE REVISION. DATOS MODIFICADOS 2009-13 (ANUARIO 13-14),758948,4707662,A051,EBRO,1,2012,2020,1,POINT (0.150272060290167 42.478016448249726)
9061,JAVIERREGAY,,1,348,359,176,630.0000,2668.0000,60,59,33,9175,22902,684393,4716479,684393,4716479,-0.4512,42.3441,-0.4516,42.3437,LOS DATOS DE 2008-09 A 2010-11 SON PROVISIONALES PENDIENTES DE REVISION,684286,4716269,A061,EBRO,1,2012,2020,1,POINT (-0.7544518754995739 42.57683715306176)
9062,BINIES,,1,161,271,176,650.0000,2366.0000,79,88,45,9177,22076,681570,4725183,681570,4725183,-0.4705,42.3925,-0.4710,42.3921,LOS DATOS DE 2008-09 A 2010-11 SON PROVISIONALES PENDIENTES DE REVISION,681463,4724973,A062,EBRO,1,2012,2020,1,POINT (-0.7860511050976374 42.65583299032642)
9063,SIGÜES,,1,506,526,175,595.0000,2100.0000,74,85,52,9185,50245,663062,4723515,663062,4723515,-1.0039,42.3846,-1.0044,42.3842,LOS DATOS DE 2008-09 A 2010-11 SON PROVISIONALES PENDIENTES DE REVISION,662955,4723305,A063,EBRO,1,2012,2020,1,POINT (-1.012197302650514 42.644961502902056)
9064,ASPURZ,,1,396,533,143,547.0000,1656.0000,78,84,48,9202,31181,650754,4730933,650754,4730933,-1.0933,42.4255,-1.0937,42.4251,LOS DATOS DE 2009-10 Y 2010-11 SON PROVISIONALES PENDIENTES DE REVISION,650647,4730723,A064,EBRO,1,2012,2020,1,POINT (-1.1602884115843584 42.71423695288563)
9067,OLAVE,,1,240,270,115,465.0000,1296.0000,76,86,3,9214,31188,613878,4749813,613878,4749813,-1.3619,42.5330,-1.3624,42.5326,,613772,4749604,A067,EBRO,1,2012,2020,1,POINT (-1.606648177177132 42.89056525174457)
9068,ASIAIN,CORRECCIÓN POR POZO SUCIO (DATOS 2013-14),1,782,823,141,390.0000,1494.0000,58,66,0,9226,31193,599223,4742854,599223,4742854,-1.4710,42.4952,-1.4714,42.4948,DATOS MODIFICADOS 2008-09 A 2012-13 (ANUARIO 13-14),599117,4742645,A068,EBRO,1,2012,2020,1,POINT (-1.7873109019273528 42.829954898647145)
9069,ECHAURI,,1,1756,2759,141,376.0000,1491.0000,76,78,40,9227,31085,599073,4738504,599073,4738504,-1.4719,42.4731,-1.4724,42.4727,DATOS MODIFICADOS DE 1980-81 A 2018-19 (ANUARIO 19-20),598966,4738295,A069,EBRO,1,2012,2020,1,POINT (-1.7899217889915446 42.7908097605467)
9070,ERAUL,,1,309,315,140,946.0000,1121.0000,61,57,0,9149,31097,578043,4727237,578043,4727237,-2.0250,42.4134,-2.0255,42.4130,,577936,4727028,A070,EBRO,1,2012,2020,1,POINT (-2.0485732977876556 42.69178726384022)
9071,ESTELLA,,1,943,1461,140,425.0000,1438.0000,80,88,58,9150,31097,579105,4724962,579105,4724962,-2.0205,42.4020,-2.0209,42.4016,LOS DATOS DE 2009-10 Y 2010-11 SON PROVISIONALES PENDIENTES DE REVISION,578998,4724753,A071,EBRO,1,2012,2020,1,POINT (-2.035927183065449 42.67119403239738)
9073,SANGÜESA,,1,275,279,174,393.0000,1517.0000,75,78,49,9205,31216,643344,4712744,643344,4712744,-1.1515,42.3311,-1.1519,42.3307,LOS DATOS DE 2009-10 Y 2010-11 SON PROVISIONALES PENDIENTES DE REVISION,643237,4712534,A073,EBRO,1,2012,2020,1,POINT (-1.2553183353744706 42.551926652248085)
9074,ARCE,,1,1357,1358,172,455.0000,1442.0000,75,84,45,9076,9219,508565,4725201,508565,4725201,-2.5344,42.4043,-2.5349,42.4038,DATOS MODIFICADOS 1996-97 A 2012-13 (ANUARIO 13-14),508458,4724993,A074,EBRO,1,2012,2020,1,POINT (-2.8967699638255406 42.677365844060915)
9075,BERANTEVILLA,CORRECCIÓN POR POZO SUCIO (DATOS 2013-14),1,307,310,137,453.0000,1180.0000,77,85,51,9075,1014,509604,4725577,509604,4725577,-2.5258,42.4055,-2.5303,42.4051,DATOS MODIFICADOS DE 2004-05 A 2018-19 (ANUARIO 19-20),509497,4725369,A075,EBRO,1,2011,2019,1,POINT (-2.884082680991973 42.68073981215372)
9079,URROZ,,1,180,214,142,483.0000,1279.0000,78,88,55,9196,31243,630461,4736765,630461,4736765,-1.2419,42.4618,-1.2424,42.4614,LOS DATOS DE 2009-10 Y 2010-11 SON PROVISIONALES PENDIENTES DE REVISION,630354,4736555,A079,EBRO,1,2012,2020,1,POINT (-1.40666323395718 42.77044871410027)
9087,GRISEN,,1,9694,9718,354,250.0000,1814.0000,51,54,31,9288,50043,651824,4621939,651824,4621939,-1.1028,41.4403,-1.1033,41.4358,LOS DATOS DE 2009-10 Y 2010-11 SON PROVISIONALES PENDIENTES DE REVISION,651716,4621730,A087,EBRO,1,2009,2017,1,POINT (-1.1757156871621666 41.73290751091382)
9088,PITARQUE,,1,279,402,543,990.0000,1997.0000,65,64,41,9363,44183,703113,4500242,703113,4500242,-0.3555,40.3738,-0.3600,40.3734,DATOS MODIFICADOS DE 2013-14 A 2018-19 (ANUARIO 19-20),703004,4500033,,EBRO,1,2001,2009,1,POINT (-0.59982047856277 40.6262042656336)
9089,ZARAGOZA,,1,4008,4009,355,194.0000,3151.0000,26,24,14,9326,50297,679766,4615520,679766,4615520,-0.5026,41.4014,-0.5031,41.4010,DATOS 2006-07  PROVISIONALES. DATOS MODIFICADOS DE 2013-14 A 2018-19 (ANUARIO 19-20),679658,4615311,A089,EBRO,1,1999,2007,1,POINT (-0.8418771436902216 41.66930825106491)
9092,TRESPADERNE,,1,1093,1101,136,540.0000,1707.0000,62,62,2,9036,9394,467261,4739162,467261,4739162,-3.2401,42.4813,-3.2406,42.4809,,467154,4738955,A092,EBRO,1,2012,2020,1,POINT (-3.401692319186043 42.802442623967664)
9093,OÑA,,1,1051,1093,136,570.0000,1176.0000,62,62,17,9026,9238,466222,4731713,466222,4731713,-3.2445,42.4411,-3.2450,42.4407,"LOS DATOS DE 2005-06, 2009-10 Y 2010-11 SON PROVISIONALES PENDIENTES DE REVISION",466115,4731506,A093,EBRO,1,2012,2020,1,POINT (-3.413951599562602 42.73531746489831)
9095,BARBASTRO,,1,345,372,287,320.0000,1441.0000,72,72,9,9599,22048,759376,4657956,759376,4657956,0.0759,42.0149,0.0754,42.0145,"LOS DATOS DE 2007-08, 2009-10 Y 2010-11 SON PROVISIONALES PENDIENTES DE REVISION",759268,4657746,A095,EBRO,1,2012,2020,1,POINT (0.1318497491413521 42.02903011247563)
9120,MENDAVIA,,1,12010,85001,204,325.0000,2262.0000,73,73,52,9143,31165,565478,4696449,565478,4696449,-2.1215,42.2501,-2.1220,42.2457,LOS DATOS DE 2008-09 A 2010-11 SON PROVISIONALES PENDIENTES DE REVISION,565371,4696240,A120,EBRO,1,2012,2020,1,POINT (-2.2054731321865275 42.4157150454981)
9139,IGEA,,1,326,365,281,540.0000,1709.0000,70,70,47,9237,26080,581895,4658733,581895,4658733,-2.0036,42.0432,-2.0041,42.0428,LOS DATOS DE 2009-10 Y 2010-11 SON PROVISIONALES PENDIENTES DE REVISION,581787,4658524,A139,EBRO,1,2001,2009,1,POINT (-2.0112950262720326 42.074528671336935)
9158,SAN MIGUEL DE PEDROSO,,1,192,1243,201,810.0000,2085.0000,52,52,26,9082,9048,482556,4692903,482556,4692903,-3.1243,42.2315,-3.1248,42.2311,LOS DATOS DE 2009-10 Y 2010-11 SON PROVISIONALES PENDIENTES DE REVISION,482449,4692695,A158,EBRO,1,2012,2020,1,POINT (-3.2132180472329175 42.38634381495766)
9159,HUARTE,,1,178,2759,115,455.0000,1459.0000,56,54,33,9211,31122,384199,4746969,615824,4745566,1.3457,42.5157,1.3453,42.5153,DATOS DE 2007-11 PENDIENTES DE REVISION. DATOS MODIFICADOS 2011-12 A 2012-13 (ANUARIO 13-14),615718,4745357,A159,EBRO,1,2012,2020,1,POINT (-1.5836974584070773 42.852038984112966)
9165,MIRANDA DE EBRO,,1,318,319,137,460.0000,,45,45,16,9056,9219,506002,4726492,506002,4726492,-2.5536,42.4124,-2.5541,42.4120,LOS DATOS DE 2009-10 Y 2010-11 SON PROVISIONALES PENDIENTES DE REVISION,505895,4726284,A165,EBRO,1,2012,2020,1,POINT (-2.9280379773616536 42.68901597115038)
9166,VIRUES,,1,290,306,136,532.0000,1152.0000,44,43,3,9040,9394,470891,4739770,470891,4739770,-3.2122,42.4833,-3.2126,42.4829,,470784,4739563,A166,EBRO,1,2012,2020,1,POINT (-3.3573314004612023 42.808064916619216)
9170,YESA C.E.,INT 2011,0,1471,8521,175,497.0000,,36,36,26,9180,50245,664262,4719626,664262,4719626,-0.5951,42.3639,-0.5956,42.3635,LOS DATOS DE 2008-09 A 2010-11 SON PROVISIONALES PENDIENTES DE REVISION,664155,4719416,A170,EBRO,1,2003,2011,1,POINT (-0.9986897889949834 42.60970495547448)
9177,BATEA,,1,335,407,470,219.0000,1326.0000,47,47,32,9646,43022,265779,4554523,769622,4555743,0.1239,41.0627,0.1234,41.0623,DATOS MODIFICADOS 2002-03 A 2012-13 (ANUARIO 13-14),769513,4555533,A177,EBRO,1,2012,2020,1,POINT (0.2095509731130198 41.10638804677713)
9184,ATECA,,1,446,446,437,582.0000,,46,46,26,9273,50038,601338,4576782,601338,4576782,-1.4720,41.2008,-1.4725,41.2003,LOS DATOS DE 2009-10 Y 2010-11 SON PROVISIONALES PENDIENTES DE REVISION,601229,4576573,A184,EBRO,1,2008,2016,1,POINT (-1.79022643164339 41.33428653688733)
9187,ERLA,,1,336,586,284,424.0000,,43,43,28,9251,50100,669904,4664930,669904,4664930,-0.5641,42.0702,-0.5646,42.0658,LOS DATOS DE 2009-10 Y 2010-11 SON PROVISIONALES PENDIENTES DE REVISION,669796,4664720,A187,EBRO,1,2012,2020,1,POINT (-0.9460637717303068 42.11620541415296)
9188,BERGUENDA,,1,350,351,137,483.0000,,41,41,22,9048,1902,496451,4736999,496451,4736999,-3.0236,42.4705,-3.0241,42.4701,"LOS DATOS DE 2005-06, 2009-10 Y 2010-11 SON PROVISIONALES PENDIENTES DE REVISION",496344,4736791,A188,EBRO,1,2007,2015,1,POINT (-3.0446977961010697 42.78365071330227)
9189,ORON,,1,217,237,137,480.0000,,45,45,18,9052,9219,501793,4724450,501793,4724450,-2.5841,42.4018,-2.5846,42.4014,LOS DATOS DE 2009-10 Y 2010-11 SON PROVISIONALES PENDIENTES DE REVISION,501686,4724242,A189,EBRO,1,2012,2020,1,POINT (-2.979424556362073 42.67064730031666)
9197,LEZA DE RIO LEZA,,1,283,534,242,517.0000,,45,45,18,9140,26088,548900,4686832,548900,4686832,-2.2423,42.1953,-2.2428,42.1949,DATOS MODIFICADOS DE 1976 A 1980 DESDE 2011-12.DATOS DE 08-09 A 10-11 PENDIENTES DE REVISION,548792,4686624,A197,EBRO,1,2012,2020,1,POINT (-2.4077781688941 42.330336700701274)
9203,REINOSA,,1,142,166,108,840.0000,,42,36,4,9002,39027,406536,4760359,406536,4760359,-4.0847,42.5922,-4.0852,42.5918,,406429,4760153,A203,EBRO,1,2012,2020,1,POINT (-4.147769238592431 42.98828539778342)
9215,CERVERUELA,,1,315,1020,438,814.0000,1514.0000,38,37,14,9290,50080,649928,4564462,649928,4564462,-1.1242,41.1301,-1.1246,41.1257,LOS DATOS DE 2008-09 A 2010-11 SON PROVISIONALES PENDIENTES DE REVISION,649819,4564253,A215,EBRO,1,2012,2020,1,POINT (-1.2127905060188118 41.215797977414994)
9252,ESCALO,,1,444,2820,242,860.0000,2886.0000,32,32,18,9466,25903,348645,4712828,841282,4719560,1.0923,42.3308,1.0919,42.3304,DATOS DE 2008-09 A 2010-11 PENDIENTES DE REVISION. DATOS MODIFICADOS 2012-13 (ANUARIO 13-14),841174,4719349,A252,EBRO,1,2012,2020,1,POINT (1.1553206447618916 42.551170299062946)
9254,MEDINA DE POMAR,,1,465,478,110,585.0000,,31,31,17,9035,9209,460912,4753384,460912,4753384,-3.2844,42.5553,-3.2849,42.5549,LOS DATOS DE 2008-09 A 2010-11 SON PROVISIONALES PENDIENTES DE REVISION,460805,4753177,A254,EBRO,1,2012,2020,1,POINT (-3.480327306403386 42.93021284451756)
9256,ISOBOL,,1,697,22579,217,1030.0000,,30,30,15,9387,17084,896514,4702594,896514,4702594,1.4855,42.2225,1.4851,42.2221,LOS DATOS DE 2008-09 A 2010-11 SON PROVISIONALES PENDIENTES DE REVISION,896406,4702383,A256,EBRO,1,2012,2020,1,POINT (1.814157418118518 42.37258634693824)
9261,TRASOBARES,,1,123,314,381,637.0000,,31,31,15,9284,50266,613347,4611051,613347,4611051,-1.3821,41.3833,-1.3825,41.3829,LOS DATOS DE 2008-09 A 2010-11 SON PROVISIONALES PENDIENTES DE REVISION,613239,4610842,A261,EBRO,1,2012,2020,1,POINT (-1.64029529905451 41.64127906697953)
9263,GELSA,,1,47133,85001,413,150.0000,,17,17,0,9329,50222,711094,4586238,711094,4586238,-0.2830,41.2357,-0.2834,41.2353,DATOS MODIFICADOS DE 2004-05 A 2018-19 (ANUARIO 19-20),710985,4586028,A263,EBRO,1,2012,2020,1,POINT (-0.4761618080286452 41.398122970104424)
9265,TIRVIA,,1,410,85001,242,830.0000,2886.0000,32,31,15,9477,25221,354962,4708975,847864,4716160,1.1404,42.3108,1.1360,42.3104,LOS DATOS DE 2008-09 A 2010-11 SON PROVISIONALES PENDIENTES DE REVISION,847756,4715949,A265,EBRO,1,2012,2020,1,POINT (1.2332084506469934 42.517701788659465)
9270,PAMPLONA,,1,224,283,141,410.0000,,19,17,1,9216,31201,609132,4739410,609132,4739410,-1.3956,42.4755,-1.4001,42.4751,LOS DATOS DE 2008-09 A 2010-11 SON PROVISIONALES PENDIENTES DE REVISION,609025,4739201,A270,EBRO,1,2009,2017,1,POINT (-1.6667841471749967 42.79760090167292)
9271,CANFRANC ANTIGUO,,1,101,8521,145,1040.0000,,30,30,16,9166,22078,702745,4732877,702745,4732877,-0.3126,42.4315,-0.3131,42.4311,LOS DATOS DE 2008-09 A 2010-11 SON PROVISIONALES PENDIENTES DE REVISION,702638,4732667,A271,EBRO,1,2012,2020,1,POINT (-0.5251784863446957 42.71977507189157)
9279,VALDELATEJA,,1,497,9718,410,800.0000,,17,17,2,9018,9905,437311,4736260,437311,4736260,-3.4559,42.4632,-3.4603,42.4628,LOS DATOS DE 2008-09 A 2010-11 SON PROVISIONALES PENDIENTES DE REVISION,437204,4736053,A279,EBRO,1,2012,2020,1,POINT (-3.767620403430184 42.774440734617464)
9281,HARO,,1,1239,1243,170,458.0000,,17,17,3,9096,26071,510180,4714280,510180,4714280,-2.5233,42.3448,-2.5238,42.3444,LOS DATOS DE 2008-09 A 2010-11 SON PROVISIONALES PENDIENTES DE REVISION,510073,4714072,A281,EBRO,1,2012,2020,1,POINT (-2.8772522908037086 42.578995606744144)
9282,MARTES,,1,1083,8521,175,554.0000,,17,17,1,9176,22076,673812,4717834,673812,4717834,-0.5254,42.3533,-0.5258,42.3529,LOS DATOS DE 2008-09 A 2010-11 SON PROVISIONALES PENDIENTES DE REVISION,673705,4717624,A282,EBRO,1,2012,2020,1,POINT (-0.8828816962285906 42.59148533759207)
9283,VILLARCAYO,,1,262,1101,109,597.0000,,17,17,4,9028,9903,453334,4755250,453334,4755250,-3.3419,42.5652,-3.3424,42.5648,,453227,4755043,A283,EBRO,1,2012,2020,1,POINT (-3.5733459659810314 42.94658837143556)
9284,TUDELA,,1,25340,85001,282,252.0000,0.0000,17,17,0,9241,31232,615899,4658382,615899,4658382,-1.3557,42.0405,-1.3602,42.0401,DATOS MODIFICADOS 2004-05 A 2012-13 (ANUARIO 13-14),615791,4658173,A284,EBRO,1,2005,2013,1,POINT (-1.6008730971518805 42.063657388344836)
9287,BIJUESCA,,1,151,446,380,914.0000,,17,16,1,9273,50050,590003,4599602,590003,4599602,-1.5516,41.3232,-1.5520,41.3228,LOS DATOS DE 2008-09 A 2010-11 SON PROVISIONALES PENDIENTES DE REVISION,589895,4599393,A287,EBRO,1,2012,2020,1,POINT (-1.9222582753432262 41.54114647364656)
9291,LUNA,,1,109,179,284,402.0000,,16,16,1,9977,50151,671481,4661286,671481,4661286,-0.5537,42.0503,-0.5541,42.0459,LOS DATOS DE 2008-09 A 2010-11 SON PROVISIONALES PENDIENTES DE REVISION,671373,4661076,A291,EBRO,1,2012,2020,1,POINT (-0.9280680709329913 42.083064230534056)
9317,VITORIA-ABETXUKO,,1,805,842,112,504.0000,,11,11,0,9068,1059,526525,4746991,526525,4746991,-2.4031,42.5227,-2.4036,42.5223,,526419,4746783,A317,EBRO,1,2012,2020,1,POINT (-2.67653826078924 42.87318408867824)
9321,ETXARREN,,1,389,823,115,435.0000,,31,31,0,9222,31025,594234,4752016,594234,4752016,-1.5044,42.5451,-1.5049,42.5447,,594128,4751807,A321,EBRO,1,2012,2020,1,POINT (-1.846803658054703 42.91307482041832)
9322,IRURTZUN,,1,184,188,115,417.0000,,31,31,0,9225,31904,595019,4752749,595019,4752749,-1.5009,42.5514,-1.5013,42.5510,,594913,4752540,A322,EBRO,1,2012,2020,1,POINT (-1.8370641581249718 42.91957701244744)
9323,PAMPLONA,,1,503,2759,141,392.0000,,14,13,0,9215,31201,611631,4741614,611632,4741614,-1.3804,42.4905,-1.3809,42.4902,,611525,4741405,A323,EBRO,1,2012,2020,1,POINT (-1.635785138574274 42.81708319114721)
9324,ARAZURI,,1,806,2759,141,809.0000,,31,30,0,9217,31193,604227,4741206,604228,4741206,-1.4331,42.4856,-1.4335,42.4852,,604121,4740997,A324,EBRO,1,2012,2020,1,POINT (-1.7264063719192957 42.81445301359964)
9327,OLITE,,1,257,456,206,520.0000,,31,31,0,9209,31191,611823,4704544,611823,4704544,-1.3822,42.2904,-1.3827,42.2860,,611716,4704335,A327,EBRO,1,2012,2020,1,POINT (-1.6407372341012831 42.48331078380158)
9328,ARQUIJAS,,1,415,1461,139,461.0000,,23,23,0,9148,31265,558722,4725951,558722,4725951,-2.1660,42.4059,-2.1704,42.4055,,558615,4725742,A328,EBRO,1,2012,2020,1,POINT (-2.284552135390793 42.681923247424606)
