ref_ceh,nom_embalse,serv,comentario,muni_id,hoja_id,xutm,yutm,xutm30,yutm30,long,lat,longwgs84,latwgs84,mna,mnne,num_cuenca,nae,naem,xetrs89,yetrs89,cod_saih,demarcacion
1077,LAREO,1,LOS DATOS DE 2008-09 A 2012-13 ESTAN PENDIENTES DE REVISION                                                             ,20015,114,572496,4758734,572496,4758734,-20639,425837,-20644,425833,743.0,742.5,1962,13,13,572390,4758525,,CANTABRICO
1078,IBIUR,1,,20904,89,571270,4770494,571270,4770494,-20728,430459,-20733,430455,,168.4,1936,12,13,571164,4770285,,CANTABRICO
1079,ARRIARAN,1,"LOS DATOS DE 2008-09, 2011-12, 2013-14 Y 2015-16 ESTAN PENDIENTES DE REVISION                                           ",20019,88,562039,4769015,562039,4769015,-21417,430414,-21421,430410,,,1961,13,13,561933,4768806,,CANTABRICO
1108,AÑARBE,1,,20067,64,591453,4785213,591453,4785214,-15227,431248,-15232,431244,,160.0,1017,12,13,591347,4785004,E072,CANTABRICO
1131,ZOLLO,0,INT 1983                                                                                                                ,48009,61,503592,4782337,503592,4782337,-25721,431135,-25726,431131,0.0,210.0,1993,25,40,503486,4782129,,CANTABRICO
1177,ORDUNTE,1,"LOS DATOS DE 2008-09, 2012-13, 2014-15 Y 2016-17 ESTAN PENDIENTES DE REVISION                                           ",9410,85,477011,4778868,477011,4778868,-31658,430941,-31703,430937,0.0,308.0,1992,58,72,476905,4778660,E062,CANTABRICO
1231,ALSA - MEDIAJO,1,LOS DATOS DE 2008-09 A 2010-11 Y 2013-14 ESTAN PENDIENTES DE REVISION                                                   ,39070,83,418780,4772050,418780,4772050,-40325,430740,-35958,430542,0.0,842.0,1100,63,77,418673,4771844,E056,CANTABRICO
1253,"COHILLA, LA",1,,39089,82,387140,4776691,387140,4776691,-42315,430802,-42320,430758,0.0,777.9,1114,51,51,387033,4776485,E052,CANTABRICO
1266,URDON,1,,39049,56,367678,4791963,367678,4791963,-43750,431605,-43754,431601,,,1127,59,59,367571,4791758,E703,CANTABRICO
1273,CAMARMEÑA,1,LOS DATOS DE 2011-12 ESTAN PENDIENTES DE REVISION                                                                       ,24116,55,345738,4786951,345738,4786951,-45357,431308,-45402,431304,0.0,0.0,1129,59,59,345630,4786746,E051,CANTABRICO
1274,ARENAS DE CABRALES,1,LOS DATOS DE 2011-12 ESTAN PENDIENTES DE REVISION                                                                       ,33008,56,353367,4796045,353367,4796045,-44828,431811,-44833,431804,0.0,0.0,1131,59,59,353259,4795840,E064,CANTABRICO
1333,TANES,1,LOS DATOS DE 2008-09 Y 2011-12 ESTAN PENDIENTES DE REVISION                                                             ,33067,54,302735,4788422,302735,4788422,-52544,431319,-52549,431315,493.0,492.5,1148,34,34,302626,4788217,E040,CANTABRICO
1334,RIOSECO,1,LOS DATOS DE 2012-13 ESTÁN PENDIENTES DE REVISIÓN                                                                       ,33067,54,299246,4789306,299246,4789306,-52819,431345,-52824,431341,381.0,380.5,1150,34,34,299137,4789101,E041,CANTABRICO
1340,PRIAÑES,1,LOS DATOS DE 2009-10 Y 2011-12 ESTAN PENDIENTES DE REVISION                                                             ,33054,28,259106,4807832,259106,4807832,-55826,432302,-55831,432258,0.0,77.5,1173,36,36,258997,4807627,E045,CANTABRICO
1346,PROAZA (VALDEMURRIO),1,LOS DATOS DE 2012-13 ESTÁN PENDIENTES DE REVISIÓN                                                                       ,33052,52,742236,4792975,255136,4793069,-60058,431460,-60103,431456,,,1169,24,24,255029,4792863,,CANTABRICO
1350,SOMIEDO,0,INT 1963                                                                                                                ,33068,76,723629,4777602,235473,4779067,-61505,430703,-61510,430658,617.7,615.7,1191,6,19,235363,4778862,,CANTABRICO
1356,"BARCA, LA",1,RESERVA MODIFICADA DE 1970 A MAYO 2016 (REFERENCIA RESPECTO VOLUMEN TOTAL). DATOS 2009-10 PROVISIONALES                 ,33005,51,718743,4800146,232215,4801909,-61809,431918,-61814,431914,0.0,212.0,1189,51,51,232105,4801704,E046,CANTABRICO
1357,"RIERA, LA",1,,33068,76,722901,4781682,235039,4783190,-61531,430915,-61536,430911,,,1191,24,24,234932,4782984,,CANTABRICO
1360,MIRANDA,1,,33005,51,726827,4801572,240382,4802751,-61208,431955,-61213,431951,,,1192,20,20,240275,4802545,,CANTABRICO
1406,SALIME,1,LOS DATOS DE 2011-12 ESTÁN PENDIENTES DE REVISIÓN                                                                       ,33001,50,674898,4789518,187695,4794451,-65046,431415,-65051,431411,224.5,224.5,1222,63,67,187585,4794246,E037,CANTABRICO
1408,DOIRAS,1,LOS DATOS DE 2012-13 ESTÁN PENDIENTES DE REVISIÓN                                                                       ,33007,26,676309,4806171,190301,4810974,-64924,432313,-64929,432309,109.2,109.2,1232,63,77,190190,4810769,E038,CANTABRICO
1409,ARBON,1,LOS DATOS DE 2008-09 ESTAN PENDIENTES DE REVISION                                                                       ,33077,26,683699,4816511,198422,4820762,-64343,432841,-64349,432837,33.2,33.2,1234,52,52,198311,4820557,E039,CANTABRICO
2001,CUERDA DEL POZO,1,,42215,317,524593,4636236,524593,4636236,-24213,415240,-24217,415233,0.0,1084.6,2009,63,75,524485,4636028,,DUERO
2002,VILLALCAMPO,1,LAS RESERVAS ANTERIORES A 1995/96 SE REFIEREN AL VOLUMEN UTIL                                                           ,49247,396,743489,4597641,242605,4598124,-60460,412934,-60505,412929,0.0,601.0,2323,63,72,242495,4597917,,DUERO
2003,CASTRO,1,LAS RESERVAS ANTERIORES A 1995/96 SE REFIEREN AL VOLUMEN UTIL                                                           ,49240,368,734588,4606683,234352,4607763,-61110,413436,-61115,413432,0.0,564.0,2323,63,69,234242,4607556,,DUERO
2004,SAUCELLE,1,LAS RESERVAS ANTERIORES A 1995/96 SE REFIEREN AL VOLUMEN UTIL                                                           ,37302,449,684607,4546572,180337,4551221,-64812,410258,-64816,410251,0.0,190.0,2343,63,65,180227,4551013,,DUERO
2005,ALDEADAVILA,1,LAS RESERVAS ANTERIORES A 1995/96 SE REFIEREN AL VOLUMEN UTIL                                                           ,37014,422,694098,4565078,191059,4569043,-64105,411247,-64110,411243,0.0,327.8,2343,59,58,190949,4568836,,DUERO
2010,UZQUIZA,1,,9463,239,469730,4683952,469730,4683952,-32202,421823,-32207,421819,1102.0,1100.0,2170,33,33,469623,4683744,,DUERO
2011,ARLANZON,1,,9463,239,472108,4679345,472108,4679345,-32017,421554,-32022,421550,0.0,1143.0,2170,63,77,472001,4679137,,DUERO
2012,CERVERA DE RUESGA,1,LOS DATOS DE 2007-08 SON PROVISIONALES SUJETOS A REVISION                                                               ,34056,106,375312,4747228,375312,4747228,-43135,425200,-43140,425156,0.0,1041.6,2129,63,77,375204,4747022,,DUERO
2013,"REQUEJADA, LA",1,,34056,106,375196,4751786,375196,4751786,-43144,425431,-43148,425424,0.0,1082.5,2126,63,63,375088,4751580,,DUERO
2014,CAMPORREDONDO,1,LOS DATOS DE 2004-05 SON PROVISIONALES SUJETOS A REVISION                                                               ,34199,106,358239,4751323,358239,4751323,-44411,425405,-44415,425358,0.0,1290.7,2195,63,77,358131,4751117,,DUERO
2015,COMPUERTO,1,LOS DATOS DE 2004-05 SON PROVISIONALES SUJETOS A REVISION                                                               ,34199,106,350836,4747192,350836,4747192,-44933,425143,-44938,425139,0.0,1221.5,2195,61,61,350728,4746986,,DUERO
2016,AGUILAR DE CAMPOO,1,LOS DATOS DE 2003-04 A 2006-07 SON PROVISIONALES SUJETOS A REVISION                                                     ,34004,133,394802,4738985,394802,4738985,-41711,424744,-41716,424740,942.0,942.0,2130,59,59,394694,4738779,,DUERO
2026,BARRIOS DE LUNA,1,,24012,102,266127,4748317,266127,4748317,-55144,425103,-55149,425059,0.0,1108.5,2285,63,70,266018,4748112,,DUERO
2027,VILLAMECA,1,,24123,160,740086,4726166,248226,4726581,-60417,423859,-60422,423855,0.0,1008.9,2292,63,69,248116,4726375,,DUERO
2028,MONCABRIL (SISTEMA),1,LOS DATOS DE 2004-05 A 2010-11 Y 2013-14 A 2014-15 ESTAN PENDIENTES DE REVISION                                         ,49162,267,686170,4666015,190204,4670361,-64452,420727,-64456,420720,0.0,1644.0,2311,63,65,190093,4670154,,DUERO
2029,RICOBAYO,1,LAS RESERVAS ANTERIORES A 1995/96 SE REFIEREN AL VOLUMEN UTIL                                                           ,49135,368,251040,4601807,251040,4601807,-55902,413143,-55907,413138,0.0,684.0,2322,63,77,250930,4601600,,DUERO
2030,PORMA / JUAN BENET,1,,24021,104,312959,4755705,312959,4755705,-51731,425549,-51736,425545,0.0,1095.6,2265,52,52,312850,4755500,,DUERO
2031,CERNADILLA,1,LAS RESERVAS ANTERIORES A 1995/96 SE REFIEREN AL VOLUMEN UTIL. LOS DATOS DE 2007-08 SON PROVISIONALES SUJETOS A REVISION,49048,268,710515,4655299,213723,4657957,-62727,420115,-62732,420111,0.0,889.0,2313,47,47,213612,4657750,,DUERO
2032,RIAÑO,1,,24130,105,330004,4755776,330004,4755776,-50500,425606,-50505,425601,1101.7,1100.0,2262,33,33,329896,4755570,,DUERO
2033,VALPARAISO,1,LAS RESERVAS ANTERIORES A 1995/96 SE REFIEREN AL VOLUMEN UTIL                                                           ,49121,306,726144,4652833,229175,4654400,-61611,415942,-61615,415935,835.0,833.0,2313,32,32,229065,4654193,,DUERO
2034,NUESTRA SEÑORA DEL AGAVANZAL,1,,49177,307,736964,4651479,239876,4652291,-60823,415847,-60827,415840,0.0,785.0,2315,26,27,239766,4652084,,DUERO
2036,LINARES DEL ARROYO,1,,40115,375,453742,4597654,453742,4597654,-33316,413142,-33321,413138,0.0,915.3,2098,63,70,453634,4597447,,DUERO
2037,BURGOMILLODO,1,"LOS DATOS DE 2004-05, 2005-06 Y 2007-08 SON PROVISIONALES SUJETOS A REVISION                                            ",40044,402,426031,4576794,426031,4576794,-35302,412019,-35307,412015,0.0,874.2,2110,63,77,425922,4576587,,DUERO
2038,SANTA TERESA,1,LOS DATOS DE 2004-05 Y 2008-09 ESTAN PENDIENTES DE REVISION                                                             ,37200,528,280195,4505239,280195,4505239,-53601,404005,-53606,404001,0.0,885.7,2330,63,67,280086,4505032,,DUERO
2039,AGUEDA,1,,37378,526,713395,4489808,205191,4492580,-62850,403154,-62854,403147,0.0,636.5,2370,63,77,205082,4492373,,DUERO
2040,"VENCIAS, LAS",1,LOS DATOS DE 2004-05 A 2007-08 Y 2010-11 SON PROVISIONALES SUJETOS A REVISION                                           ,40092,402,419506,4586986,419506,4586986,-35748,412547,-35753,412543,0.0,823.4,2110,52,52,419397,4586779,,DUERO
2041,ALMENDRA,1,LAS RESERVAS ANTERIORES A 1995/96 SE REFIEREN AL VOLUMEN UTIL                                                           ,37028,423,724716,4572693,222146,4574530,-61902,411625,-61907,411621,0.0,730.0,2340,47,47,222036,4574323,,DUERO
2042,CASTRO DE LAS COGOTAS,1,LOS DATOS DE 2005-06 A 2006-07 SON PROVISIONALES SUJETOS A REVISION                                                     ,5049,506,356734,4509874,356734,4509874,-44147,404336,-44152,404332,0.0,1050.5,2214,26,27,356625,4509667,,DUERO
2043,PONTON ALTO,1,LOS DATOS DE 2008-09 ESTAN PENDIENTES DE REVISION                                                                       ,40181,483,412811,4530024,412811,4530024,-40207,405500,-40212,405453,1103.5,1102.0,2217,26,27,412702,4529817,,DUERO
2047,IRUEÑA,1,,37136,550,705520,4480264,196652,4483590,-63436,402649,-63441,402645,772.0,772.5,2364,7,7,196543,4483383,,DUERO
2125,CASARES DE ARBAS,1,LOS DATOS DE 2011-12 ESTAN PENDIENTES DE REVISION                                                                       ,24901,103,274945,4756665,274945,4756665,-54528,425543,-54533,425539,,1297.6,2274,12,12,274836,4756460,,DUERO
9801,EBRO,1,LOS DATOS DE 2001-02 A 2004-05 SON PROVISIONALES SUJETOS A REVISION                                                     ,39065,108,414345,4758211,414345,4758211,-40301,425815,-40306,425811,839.0,839.0,9007,63,74,414238,4758005,E001,EBRO
9802,FLIX,1,LOS DATOS DE 2006-07 Y 2007-08 ESTAN PENDIENTES DE REVISION                                                             ,43060,444,294734,4567758,797607,4570948,3303,411404,3259,411360,42.6,41.1,9648,59,69,797499,4570738,E002,EBRO
9803,MEQUINENZA,1,"LOS DATOS DE 2001-02 A 2005-06, 2007-08, 2009-10 Y 2012-13 SON PROVISIONALES SUJETOS A REVISION                         ",50095,415,272160,4583509,773989,4585108,1633,412213,1628,412281,121.0,121.0,9378,57,57,773881,4584898,E003,EBRO
9804,RIBARROJA,1,"LOS DATOS DE 2001-02 A 2003-04. 2005-06 2007-08, 2009-10, 2010-11 Y 2012-13 SON PROVISIONALES SUJETOS A REVISION        ",43125,443,284934,4569150,787729,4571661,2601,411440,2556,411436,0.0,70.0,9648,53,53,787621,4571451,E004,EBRO
9805,SOBRON,1,LOS DATOS DE 2001-02 A 2007-08 SON PROVISIONALES SUJETOS A REVISION                                                     ,9054,137,491897,4735189,491897,4735189,-30557,424606,-30602,424602,511.5,511.0,9045,25,26,491790,4734982,E005,EBRO
9806,PAJARES,1,"LOS DATOS DE 2002-03, 2004-05, 2006-07, 2007-08, 2009-10 Y 2010-11 SON PROVISIONALES SUJETOS A REVISION                 ",26091,279,532454,4659939,532454,4659939,-23627,420524,-23632,420520,1230.9,1228.0,9131,26,27,532346,4659731,E006,EBRO
9807,MONTEAGUDO DE LAS VICARIAS,1,LOS DATOS DE 2003-04 Y 2009-10 SON PROVISIONALES SUJETOS A REVISION                                                     ,42119,408,568778,4581535,568778,4581535,-21039,412254,-21044,412250,0.0,820.9,9259,36,37,568669,4581326,E007,EBRO
9808,MAIDEVERA,1,,50031,381,603457,4603432,603457,4603432,-14533,413431,-14537,413426,0.0,799.0,9283,36,37,603349,4603223,E008,EBRO
9809,MANSILLA,1,"LOS DATOS DE 2005-06, 2007-08 Y 2012-13 SON PROVISIONALES SUJETOS A REVISION                                            ",26093,278,507421,4667540,507421,4667540,-25437,420933,-25441,420929,932.0,930.0,9106,61,62,507313,4667332,E009,EBRO
9810,VALBORNEDO,0,INT 1963                                                                                                                ,26105,203,535437,4696319,535437,4696319,-23409,422503,-23414,422459,564.4,564.1,9996,6,19,535330,4696111,,EBRO
9811,GONZALEZ LACASA,1,"LOS DATOS DE 2003-04, 2005-06, 2007-08 A 2009-10 Y 2012-13 SON PROVISIONALES SUJETOS A REVISION                         ",26112,241,527074,4669289,527074,4669289,-24020,421028,-24025,421024,996.0,995.5,9133,63,73,526966,4669081,E011,EBRO
9812,"TRANQUERA, LA",1,,50072,437,600847,4568832,600847,4568832,-14746,411550,-14751,411546,689.3,685.5,9271,57,57,600738,4568623,E012,EBRO
9813,MEZALOCHA,1,,50167,411,660780,4587819,660780,4587819,-10434,412530,-10438,412526,0.0,472.5,9290,29,29,660672,4587610,E013,EBRO
9814,"TORCAS, LAS",1,LOS DATOS DE 2006-07 SON PROVISIONALES SUJETOS A REVISION                                                               ,50264,439,339736,4573426,660264,4573426,10509,411744,10505,411740,728.4,624.3,9290,63,63,660155,4573217,E014,EBRO
9815,MONEVA,1,"LOS DATOS DE 2001-02, 2002-03, 2006-07 Y 2010-11 SON PROVISIONALES SUJETOS A REVISION                                   ",50233,440,681998,4561107,681998,4561107,-4949,411049,-4953,411044,616.7,614.7,9332,63,63,681889,4560898,E015,EBRO
9816,ALMOCHUEL,1,INT 2003                                                                                                                ,50021,440,704415,4574278,704415,4574278,-3332,411736,-3336,411732,471.6,471.6,9336,42,44,704306,4574068,,EBRO
9817,CUEVA FORADADA,1,,44172,493,694098,4539720,694098,4539720,-4134,405906,-4139,405901,579.9,579.3,9352,63,63,693989,4539511,E017,EBRO
9818,SANTOLEA,1,,44071,519,726523,4517161,726523,4517162,-1858,404625,-1902,404621,0.0,583.4,9366,63,63,726414,4516952,E018,EBRO
9819,ESTANCA DE ALCAÑIZ,1,LOS DATOS DE 2006-07 Y 2007-08 SON PROVISIONALES SUJETOS A REVISION                                                     ,44013,469,736858,4549718,736858,4549718,-1052,410349,-1057,410345,342.0,342.0,9377,63,77,736749,4549508,E019,EBRO
9820,GALLIPUEN,1,,44040,494,718072,4528319,718072,4528319,-2444,405234,-2448,405230,695.5,694.5,9372,46,48,717963,4528110,E020,EBRO
9821,PENA,1,"LOS DATOS DE 2002-03, 2006-07 Y 2008-09 ESTAN PENDIENTES DE REVISION                                                    ",44246,520,258413,4522874,764445,4523657,808,404914,803,404910,619.0,617.0,9636,63,63,764336,4523447,E021,EBRO
9822,CALANDA,1,LOS DATOS DE 2012-13 SON PROVISIONALES SUJETOS A REVISION                                                               ,44052,494,734975,4533479,734975,4533479,-1235,405505,-1240,405501,443.0,440.0,9371,39,39,734866,4533269,E022,EBRO
9823,CASPE II,1,,50074,469,1256080,4593264,752093,4558359,12,410812,8,410808,232.5,230.0,9377,33,34,751984,4558149,E023,EBRO
9824,SAN BARTOLOME,1,,50095,246,652522,4675186,652522,4675186,-10908,421248,-10913,421244,0.0,417.0,9248,8,10,652414,4674976,E024,EBRO
9825,EUGUI,1,LOS DATOS DE 2006-07 SON PROVISIONALES SUJETOS A REVISION                                                               ,31098,116,621304,4758968,621304,4758969,-13045,425823,-13050,425819,629.0,628.0,9211,42,42,621198,4758759,E025,EBRO
9826,ALBIÑA,1,,1058,112,530283,4760299,530283,4760299,-23743,425938,-23747,425934,608.3,608.3,9061,10,11,530177,4760091,,EBRO
9827,ULLIVARRI,1,"LOS DATOS DE 2001-02 A 2007-08, 2010-11 Y 2012-13 SON PROVISIONALES SUJETOS A REVISION                                  ",1008,112,531398,4753098,531398,4753098,-23655,425545,-23660,425541,546.5,546.5,9058,61,61,531292,4752890,E027,EBRO
9828,URRUNAGA,1,"LOS DATOS DE 2001-02 A 2007-08, 2010-11 Y 2012-13 SON PROVISIONALES SUJETOS A REVISION                                  ",1058,112,528237,4756387,528237,4756387,-23914,425732,-23918,425728,546.5,546.5,9063,61,61,528131,4756179,E028,EBRO
9829,YESA,1,LOS DATOS DE 2004-05 SON PROVISIONALES SUJETOS A REVISION                                                               ,31261,175,649104,4719976,649104,4719976,-11055,423701,-11100,423657,0.0,488.6,9188,62,62,648997,4719766,E029,EBRO
9830,ALLOZ,1,"LOS DATOS DE 2001-02, 2003-04 Y 2004-05 Y 2009-10 SON PROVISIONALES SUJETOS A REVISION                                  ",31260,140,586723,4728958,586723,4728958,-15628,424227,-15633,424223,,468.7,9230,63,77,586616,4728749,E030,EBRO
9831,IRABIA,1,LOS DATOS DE 2006-07 A 2010-11 Y 2012-13 ESTAN PENDIENTES DE REVISION                                                   ,31195,117,650316,4761014,650316,4761014,-10923,425910,-10927,425906,819.9,811.5,9193,48,57,650210,4760804,E031,EBRO
9832,ESCARRA (SISTEMA),0,INT 1993                                                                                                                ,22204,145,716754,4736209,716754,4736209,-2106,424449,-2111,424445,0.0,0.0,9295,35,35,716647,4735999,,EBRO
9833,AGUAS LIMPIAS (SISTEMA),0,INT 1993                                                                                                                ,22204,145,718729,4741000,718729,4741000,-1933,424722,-1938,424718,0.0,0.0,9293,35,35,718622,4740790,,EBRO
9834,ALTO CALDARES (SISTEMA),0,INT 1993                                                                                                                ,22170,145,726043,4737604,726043,4737604,-1416,424525,-1421,424521,0.0,0.0,9297,35,47,725936,4737394,,EBRO
9835,BUBAL,1,LOS DATOS DE 2004-05 SON PROVISIONALES SUJETOS A REVISION                                                               ,22122,145,720014,4729060,720014,4729060,-1853,424054,-1858,424051,1086.5,1085.0,9302,51,51,719907,4728850,E035,EBRO
9836,"PEÑA, LA",1,SALTO DE RESERVA ENTRE EL 30/09/2010 Y 01/10/2010                                                                       ,22173,209,686514,4695061,686514,4695061,-4404,422305,-4408,422301,0.0,539.0,9322,58,72,686407,4694851,E036,EBRO
9837,ARDISA,1,LOS DATOS DE 2004-05 Y 2005-06 SON PROVISIONALES SUJETOS A REVISION                                                     ,50033,247,685561,4672672,685561,4672672,-4511,421100,-4516,421056,0.0,421.6,9322,59,73,685453,4672462,E037,EBRO
9838,"SOTONERA, LA",1,LOS DATOS DE 2001-02 Y 2004-05 SON PROVISIONALES SUJETOS A REVISION                                                     ,22014,285,692571,4664203,692571,4664203,-4016,420620,-4020,420616,420.5,417.0,9325,63,77,692463,4663993,E038,EBRO
9839,"NAVAS, LAS",1,LOS DATOS DE 2003-04 SON PROVISIONALES SUJETOS A REVISION                                                               ,22149,247,694513,4683926,694513,4683926,-3828,421657,-3832,421653,648.4,647.4,9995,26,41,694406,4683716,E039,EBRO
9840,LANUZA,1,"LOS DATOS DE 2002-03, 2004-05 Y 2010-11 SON PROVISIONALES SUJETOS A REVISION                                            ",22204,145,719882,4736789,719882,4736789,-1848,424505,-1852,424501,1284.5,1283.5,9294,39,39,719775,4736579,E040,EBRO
9841,VADIELLO,1,LOS DATOS DE 2004-05 SON PROVISIONALES SUJETOS A REVISION                                                               ,22150,248,724644,4680366,724644,4680366,-1638,421433,-1643,421429,746.0,746.0,9616,39,40,724537,4680156,E041,EBRO
9842,SANTA MARIA DE BELSUE,1,,22163,248,718752,4686962,718752,4686962,-2046,421812,-2051,421808,894.4,894.4,9620,22,24,718645,4686752,,EBRO
9843,GUIAMETS,1,"LOS DATOS DE 2007-08, 2009-10 Y 2011-12 SON PROVISIONALES SUJETOS A REVISION                                            ",43070,471,311179,4552370,815086,4556720,4506,410560,4502,410556,,184.9,9656,42,42,814977,4556510,E043,EBRO
9844,ARGUIS,1,,22037,248,712051,4686957,712051,4686957,-2539,421819,-2543,421815,0.0,960.0,9621,10,11,711944,4686747,E044,EBRO
9845,PINETA,0,INT 1993                                                                                                                ,22057,179,270663,4724283,762631,4725465,1211,423810,1206,423806,1141.8,1141.3,9540,36,46,762524,4725255,,EBRO
9846,MEDIANO,1,LOS DATOS DE 2004-05 SON PROVISIONALES SUJETOS A REVISION                                                               ,22113,250,270210,4688532,764707,4689764,1243,421852,1238,421848,528.7,528.0,9570,51,51,764600,4689553,E046,EBRO
9847,GRADO I,1,"LOS DATOS DE 2004-05, 2007-08 Y 2009-10 SON PROVISIONALES SUJETOS A REVISION                                            ",22115,288,271574,4670457,767340,4671826,1408,420908,1403,420904,450.7,450.0,9574,55,55,767232,4671615,E047,EBRO
9848,BARASONA-JOAQUIN COSTA,1,LOS DATOS DE 2004-05 Y 2005-06 SON PROVISIONALES SUJETOS A REVISION                                                     ,22117,288,277805,4667265,773781,4669078,1843,420731,1838,420727,447.7,447.6,9597,63,77,773673,4668867,E048,EBRO
9849,PLANDESCUN,0,INT 1993                                                                                                                ,22182,179,278562,4716773,771044,4718532,1808,423415,1803,423411,1050.7,1049.6,9545,36,45,770937,4718321,,EBRO
9850,ESCALES,1,LOS DATOS DE 2001-02 A 2005-06 Y 2007-08 SON PROVISIONALES SUJETOS A REVISION                                           ,22223,251,314214,4688664,808613,4692999,4443,421938,4439,421934,821.0,821.0,9528,61,61,808505,4692788,E050,EBRO
9851,CANELLES,1,LOS DATOS DE 2001-02 A 2005-06 Y 2007-08 SON PROVISIONALES SUJETOS A REVISION                                           ,22105,327,302185,4650115,799316,4653673,3645,415839,3641,415835,506.0,506.0,9536,53,53,799208,4653462,E051,EBRO
9852,SANTA ANA,1,LOS DATOS DE 2007-08 SON PROVISIONALES SUJETOS A REVISION                                                               ,22089,327,299349,4639787,797208,4643166,3454,415302,3450,415258,378.7,378.7,9536,60,60,797100,4642955,E052,EBRO
9853,VALLE DE ARAN (SISTEMA),0,INT 1995                                                                                                                ,25025,181,1317383,4767711,825042,4726947,5748,423732,5744,423728,0.0,0.0,9664,38,39,824934,4726736,,EBRO
9854,CAPDELLA (SISTEMA),0,INT 1995                                                                                                                ,25227,181,333759,4711221,826531,4716901,5833,423205,5828,423201,0.0,0.0,9483,38,39,826423,4716690,,EBRO
9855,ESPOT (SISTEMA),0,INT 1978                                                                                                                ,25082,181,339365,4711365,832119,4717442,10238,423214,10234,423210,0.0,0.0,9465,19,19,832011,4717231,,EBRO
9856,BOREN-ESTERRI,0,INT 1995                                                                                                                ,25024,181,343462,4724343,835289,4730691,10525,423918,10520,423914,0.0,1096.0,9458,36,37,835181,4730480,,EBRO
9857,"TORRASA, LA",0,INT 1995                                                                                                                ,25082,181,347660,4715588,840102,4722247,10838,423437,10833,423433,0.0,936.0,9466,35,36,839994,4722036,,EBRO
9858,TALARN O TREMP,1,"LOS DATOS DE 2001-02 A 2007-08, 2009-10 Y 2010-11 SON PROVISIONALES SUJETOS A REVISION                                  ",25215,252,327712,4672059,823259,4677372,5450,421051,5445,421048,501.0,500.9,9490,63,77,823151,4677161,E058,EBRO
9859,TERRADETS,1,"LOS DATOS DE 2001-02 A 2007-08, 2009-10 Y 2010-11 SON PROVISIONALES SUJETOS A REVISION                                  ",25128,290,1319328,4703005,822402,4662713,5344,420259,5339,420255,0.0,372.0,9496,63,77,822294,4662502,E059,EBRO
9860,CAMARASA,1,LOS DATOS DE 2001-02 A 2010-11 ESTAN PENDIENTES DE REVISION                                                             ,25062,328,1320561,4687348,822525,4647117,5318,415434,5314,415430,336.0,336.2,9496,63,77,822417,4646906,E060,EBRO
9861,SAN LORENZO MONGAY,1,LOS DATOS DE 2009-10 ESTAN EN PENDIENTES DE REVISION                                                                    ,25062,328,320451,4635912,818545,4640773,5014,415114,5009,415111,257.0,247.2,9497,59,72,818437,4640562,E061,EBRO
9862,OLIANA,1,LOS DATOS DE 2004-05 SON PROVISIONALES SUJETOS A REVISION. EL 01/10/2011 CAMBIO DEL VOLUMEN DE EMBALSE                  ,25149,291,359010,4661628,855248,4669157,11743,420536,11738,420532,,518.3,9447,63,63,855140,4668946,E062,EBRO
9863,CAVALLERS,1,"LOS DATOS DE 2001-02 A 2005-06, 2007-08, 2009-10 Y 2012-13 SON PROVISIONALES SUJETOS A REVISION                         ",25043,181,324021,4717183,816386,4722163,5120,423510,5115,423507,1783.0,1781.0,9515,59,59,816278,4721952,E063,EBRO
9864,LINSOLES,0,INT 1993                                                                                                                ,22200,180,293534,4717830,785910,4720647,2902,423504,2858,423500,1077.5,1077.0,9583,9,10,785803,4720436,,EBRO
9865,BASERCA,1,"LOS DATOS DE 2001-02 A 2010-11, 2012-13  Y 2015-16 ESTAN PENDIENTES DE REVISION                                         ",22157,180,316212,4716639,808630,4721066,4538,423446,4534,423442,1436.5,1434.5,9510,36,36,808522,4720854,E065,EBRO
9866,LLAUSET,1,LOS DATOS DE 2006-07 A 2010-11 Y 2012-13 ESTAN PENDIENTES DE REVISION                                                   ,22157,180,1295973,4760297,803305,4721120,4145,423456,4141,423452,2190.0,2192.0,9511,28,28,803197,4720909,,EBRO
9867,SALLENTE,1,,25227,181,335408,4707430,828446,4713232,5949,423004,5945,422960,1765.0,1765.0,9483,8,9,828338,4713021,,EBRO
9868,CIURANA,1,"LOS DATOS DE 2001-02 A 2008-09, 2010-11, 2012-13 Y 2015-16 SON PROVISIONALES SUJETOS A REVISION                         ",43049,445,1331256,4614353,828042,4574070,5453,411503,5449,411459,0.0,485.9,9651,51,51,827933,4573860,,EBRO
9869,CERTESCANS,1,INT 2008. LOS DATOS DE 2006-07 Y 2007-08 SON PROVISIONALES SUJETOS A REVISION                                           ,25123,150,1344571,4780054,852847,4737240,11829,424221,11824,424217,2234.5,2191.5,9947,8,9,852739,4737029,,EBRO
9871,VAL,1,LOS DATOS DE 2002-03 SON PROVISIONALES SUJETOS A REVISION                                                               ,50106,320,600873,4636975,600873,4636975,-14704,415239,-14708,415235,627.3,620.0,9243,19,19,600765,4636766,E071,EBRO
9873,IP,1,,22078,145,707763,4733453,707763,4733453,-2745,424329,-2749,424325,2115.0,2115.0,9993,8,9,707656,4733243,,EBRO
9874,URDALUR,1,"LOS DATOS DE 2002-03, 2004-05, 2007-08 Y 2008-09 SON PROVISIONALES SUJETOS A REVISION                                   ",31073,113,562653,4752077,562653,4752077,-21357,425505,-21402,425501,,648.5,9221,25,26,562547,4751868,E074,EBRO
9875,ITOIZ,1,LOS DATOS DE 2003-04 Y 2006-07 SON PROVISIONALES SUJETOS A REVISION                                                     ,31158,142,634110,4740375,634110,4740375,-12136,424812,-12140,424808,590.0,588.0,9195,18,19,634003,4740165,E075,EBRO
9876,RIALB,1,LOS DATOS DE 2007-08 SON PROVISIONALES SUJETOS A REVISION                                                               ,25042,329,350377,4644854,847802,4651801,11142,414627,11138,415623,432.8,430.0,9451,23,24,847694,4651590,E076,EBRO
9877,MONTEARAGON,1,,22150,248,718012,4673631,718012,4673631,-2137,421101,-2141,421057,579.5,579.0,9620,11,12,717904,4673421,E077,EBRO
9879,GUARA,1,,22081,248,729260,4679435,729260,4679435,-1319,421358,-1323,421354,,789.0,9612,22,24,729153,4679225,E079,EBRO
9880,TABESCAN,1,,25123,182,356720,4722192,848682,4729485,11509,423817,11505,423813,1104.4,1104.4,9471,6,7,848574,4729274,E080,EBRO
9881,VALDABRA,1,,22125,286,711487,4660769,711487,4660769,-2638,420411,-2642,420407,399.0,399.1,9988,25,25,711379,4660559,E081,EBRO
9882,TORROLLON,1,,22136,324,726242,4644689,726242,4644689,-1618,415516,-1623,415512,375.7,375.7,9938,24,25,726134,4644479,E082,EBRO
9884,LAVERNE,1,REGULADOR DE LA ACEQUIA DE SORA                                                                                         ,50095,284,658324,4662024,658324,4662024,-10508,420537,-10513,420533,400.2,400.2,9950,10,11,658216,4661815,E084,EBRO
9885,"LOTETA, LA",1,,50118,353,639161,4631980,639161,4631980,-11928,414936,-11932,414932,288.0,18.2,9986,13,13,639053,4631771,E085,EBRO
9886,VALCOMUNA,1,,44147,469,258508,4551018,762608,4551745,732,410426,728,410422,,133.1,9643,16,17,762499,4551535,,EBRO
9887,LECHAGO,1,,44050,491,643132,4536603,643132,4536603,-11757,405802,-11801,405758,891.0,,9276,8,9,643023,4536394,,EBRO
9889,ENCISO,1,,26058,280,559785,4666273,559785,4666273,-21635,420844,-21640,420840,,,9158,3,3,559677,4666065,E089,EBRO
9891,"PARRAS, LAS",1,,44144,517,675545,4521649,675545,4521649,-5506,404935,-5510,404931,,975.0,9339,3,4,675436,4521440,E091,EBRO
9892,TERROBA,1,,26147,242,546992,4679719,546992,4679719,-22549,421603,-22553,421559,772.0,,9140,3,3,546884,4679511,E092,EBRO
9893,VALDEPATAO,1,,22077,414,254587,4604419,755005,4604752,327,413311,323,413307,361.0,,9948,3,3,754897,4604542,E093,EBRO
9894,"FITAS, LAS",1,,22251,357,744292,4631547,744292,4631547,-335,414751,-340,414747,,,9937,5,6,744184,4631337,,EBRO
9895,SAN SALVADOR,1,DATOS DE RESERVA EN DM3                                                                                                 ,22060,358,265639,4628438,764360,4629485,1050,414621,1045,414617,298.0,,9941,5,5,764252,4629275,,EBRO
9897,"TRAPA, LA",1,,50152,469,258023,4560558,761468,4561230,658,410934,654,410930,283.1,,9936,10,11,761360,4561020,,EBRO
9898,PUENTE DE SANTOLEA,1,,44071,519,724396,4514280,724396,4514280,-2032,404453,-2036,404449,596.0,,9364,5,6,724287,4514071,,EBRO
9901,MAIRAGA,1,,31192,173,615876,4721751,615876,4721751,-13512,423819,-13517,423815,650.5,650.5,9965,25,25,615769,4721542,E201,EBRO
9903,SAN GREGORIO,1,,22165,386,253429,4609459,753500,4609700,230,413553,225,413549,,361.8,9933,3,3,753392,4609490,E103,EBRO
9904,NAGORE,1,,31028,116,632988,4745670,632988,4745670,-12221,425105,-12225,425101,,,9194,2,2,632882,4745460,,EBRO
9930,CERECEDA,1,LOS DATOS DE 2003-04 Y 2004-05 SON PROVISIONALES SUJETOS A REVISION                                                     ,9238,136,461769,4737321,461769,4737321,-32803,424712,-32807,424708,566.9,566.4,9019,17,19,461662,4737114,,EBRO
1430,RIO COBO,1,,27013,3,625742,4837476,142071,4845881,-72624,434044,-72630,434040,49.5,49.0,1983,27,28,141959,4845676,,GALICIA_COSTA
1445,FORCADAS,1,,15087,7,573920,4829810,89741,4841976,-80502,433701,-80508,433657,0.0,167.5,1982,23,23,89629,4841771,,GALICIA_COSTA
1454,"RIBEIRA, LA",1,,15070,23,594793,4812690,109361,4823359,-74942,432737,-74947,432733,0.0,400.4,1262,37,37,109249,4823154,,GALICIA_COSTA
1456,EUME,1,,15070,22,580208,4806718,94357,4818443,-80034,432430,-80039,432426,320.0,318.0,1272,47,48,94245,4818238,,GALICIA_COSTA
1507,FERVENZA,1,,15034,93,499240,4759689,10017,4777243,-90034,425921,-90039,425917,0.0,285.0,1302,37,37,9905,4777037,,GALICIA_COSTA
1510,VILLAGUDIN,1,LOS DATOS DE SALIDAS DEL 10/2000 AL 01/2003 SON PROVISIONALES SUJETOS A REVISION                                        ,15084,70,541363,4771652,53004,4786186,-82930,430544,-82936,430540,282.0,279.0,1318,13,13,52892,4785980,,GALICIA_COSTA
1528,BARRIE DE LA MAZA,1,LOS DATOS DE SALIDAS DEL 10/2000 AL 01/2003 SON PROVISIONALES SUJETOS A REVISION                                        ,15056,94,516707,4746060,26514,4762359,-84744,425158,-84749,425154,248.0,248.0,1330,49,49,26402,4762153,,GALICIA_COSTA
1546,PORTODEMOUROS,1,SE HAN MODIFICADO LOS CAUDALES DESDE 1992/93 A 1994/1995                                                                ,15006,95,566286,4745413,76042,4758170,-81119,425128,-81125,425123,252.8,252.0,1344,37,37,75930,4757964,,GALICIA_COSTA
5001,TRANCO DE BEAS,1,,23904,887,517973,4225334,517973,4225334,-24741,381030,-24746,381026,0.0,641.5,5003,63,77,517861,4225127,E01,GUADALQUIVIR
5002,DOÑA ALDONZA,0,INT 2008                                                                                                                ,23092,927,472543,4197785,472543,4197785,-31845,375538,-31849,375531,0.0,341.5,5051,38,38,472432,4197579,,GUADALQUIVIR
5003,PEDRO MARIN,0,CENTRAL FLUYENTE DESDE 2010-11.LOS DATOS DE 2009-10 ESTAN PENDIENTES DE REVISION                                        ,23009,927,463824,4196009,463824,4196009,-32441,375437,-32446,375433,0.0,320.0,5053,41,41,463712,4195803,E10,GUADALQUIVIR
5004,GUADALEN,1,,23094,906,458273,4224073,458273,4224073,-32835,380949,-32839,380942,0.0,349.5,5081,63,67,458161,4223866,E13,GUADALQUIVIR
5005,RUMBLAR,1,,23011,905,429535,4224103,429535,4224103,-34816,380941,-34820,380937,343.7,342.0,5106,63,77,429424,4223896,E19,GUADALQUIVIR
5006,MONTORO III,1,LOS DATOS DE 2008-09 Y 2009-10 ESTAN PENDIENTES DE REVISION                                                             ,13055,836,404201,4264875,404201,4264875,-40556,383135,-40601,383131,0.0,565.6,5113,62,66,404090,4264668,E22,GUADALQUIVIR
5007,JANDULA,1,,23005,883,414829,4231407,414829,4231407,-35823,381336,-35827,381329,0.0,360.0,5118,63,77,414718,4231200,E23,GUADALQUIVIR
5008,ENCINAREJO,0,INT 2009                                                                                                                ,23005,904,413105,4224761,413105,4224761,-35931,380960,-35935,380953,0.0,279.0,5120,52,65,412994,4224554,E24,GUADALQUIVIR
5010,"BREÑA II, LA",1,,14005,943,320281,4188864,320281,4188864,-50231,374944,-50236,374939,125.0,121.0,5206,63,77,320170,4188658,E36,GUADALQUIVIR
5011,"PINTADO, EL",1,,41032,919,240711,4208355,240711,4208355,-55708,375907,-55713,375902,0.0,340.5,5346,63,73,240601,4208150,E57,GUADALQUIVIR
5012,BEMBEZAR,1,,14036,921,305734,4197432,305734,4197432,-51234,375411,-51239,375407,0.0,182.5,5222,60,60,305623,4197227,E37,GUADALQUIVIR
5013,"MINILLA, LA",1,,41083,962,748399,4172741,219160,4173780,-61102,374004,-61107,373959,0.0,157.5,5366,63,68,219049,4173576,E63,GUADALQUIVIR
5014,CALA,1,,41083,940,756740,4178706,227896,4179198,-60514,374311,-60517,374304,278.7,278.0,5367,63,77,227785,4178993,E64,GUADALQUIVIR
5015,HORNACHUELOS,1,,14036,942,303090,4189125,303090,4189125,-51414,374940,-51419,374935,0.0,96.5,5222,44,45,302979,4188920,E38,GUADALQUIVIR
5016,ARACENA,1,,21059,918,724152,4198879,196632,4201430,-62701,375433,-62706,375429,345.5,344.0,5362,51,51,196522,4201226,E61,GUADALQUIVIR
5017,RETORTILLO,1,LOS DATOS DE 2009-10 ESTAN PENDIENTES DE REVISION                                                                       ,14036,921,293394,4191007,293394,4191007,-52053,375033,-52057,375028,0.0,187.0,5228,51,51,293283,4190802,E39,GUADALQUIVIR
5018,GUADALMENA,1,,23029,864,507626,4246363,507626,4246363,-25446,382153,-25450,382149,600.7,600.7,5071,51,51,507515,4246156,E15,GUADALQUIVIR
5019,MALPASILLO-JAUJA,0,INT 2008                                                                                                                ,14038,1006,351500,4129593,351500,4129593,-44032,371802,-44036,371757,0.0,241.0,5288,50,55,351387,4129388,,GUADALQUIVIR
5020,CUBILLAS,1,,18003,1009,439623,4125857,439623,4125857,-34052,371636,-34056,371632,643.0,641.5,5247,63,66,439511,4125651,E45,GUADALQUIVIR
5021,"BERMEJALES, LOS",1,,18020,1040,420614,4095015,420614,4095015,-35332,365950,-35336,365946,0.0,829.0,5269,63,67,420502,4094809,E46,GUADALQUIVIR
5022,TORRE DEL AGUILA,1,SALTO DE RESERVA ENTRE 30/09/2016 Y 01/10/2016 POR CAMBIO DE CURVA DE CAPACIDAD                                         ,41095,1020,254809,4103266,254809,4103266,-54525,370235,-54529,370230,0.0,51.0,5414,63,73,254697,4103062,E68,GUADALQUIVIR
5025,CORDOBILLA,0,INT 2008                                                                                                                ,14056,988,347626,4135217,347626,4135217,-44313,372104,-44317,372058,0.0,212.5,5292,50,55,347514,4135011,E50,GUADALQUIVIR
5026,IZNAJAR,1,,14058,1007,377155,4126590,377155,4126590,-42308,371640,-42312,371633,0.0,421.1,5286,54,54,377043,4126384,E48,GUADALQUIVIR
5029,"BOLERA, LA",1,,23070,949,508648,4179646,508648,4179646,-25407,374549,-25411,374544,971.4,971.4,5027,54,54,508537,4179439,E05,GUADALQUIVIR
5032,MARMOLEJO,0,INT 2009                                                                                                                ,23059,904,396014,4213184,396014,4213184,-41107,380335,-41112,380331,0.0,191.8,5121,35,35,395902,4212978,E25,GUADALQUIVIR
5033,"CARPIO, EL",0,CENTRAL FLUYENTE DESDE 2010-11                                                                                          ,14018,924,369056,4204250,369056,4204250,-42927,375833,-42932,375828,138.1,137.3,5149,36,36,368944,4204044,E78,GUADALQUIVIR
5034,CANTILLANA,0,CENTRAL FLUYENTE DESDE 2010-11                                                                                          ,41023,963,251875,4164506,251875,4164506,-54837,373539,-54841,373532,0.0,18.8,5337,34,34,251764,4164301,E82,GUADALQUIVIR
5035,ALCALA DEL RIO,0,CENTRAL FLUYENTE DESDE 2010-11. LOS DATOS DE 2009-10 ESTAN PENDIENTES DE REVISION                                       ,41005,962,237076,4156774,237076,4156774,-55830,373112,-55834,373107,12.4,10.0,5355,37,37,236965,4156570,E60,GUADALQUIVIR
5036,PUENTE NUEVO,1,,14073,901,331284,4217339,331284,4217339,-45526,380517,-45530,380511,445.8,445.0,5202,45,45,331173,4217133,E34,GUADALQUIVIR
5037,SIERRA BOYERA,1,,14009,879,305621,4237012,305621,4237012,-51318,381536,-51322,381530,0.0,501.0,5202,45,45,305510,4236806,E33,GUADALQUIVIR
5038,QUENTAR,1,,18168,1010,461238,4117720,461238,4117720,-32613,371219,-32617,371212,0.0,1040.0,5231,45,45,461126,4117514,E42,GUADALQUIVIR
5039,QUIEBRAJANO,1,,23093,969,435828,4165527,435828,4165527,-34338,373805,-34342,373758,787.7,785.0,5095,44,44,435716,4165321,E17,GUADALQUIVIR
5040,VILLAFRANCA,0,INT 1999                                                                                                                ,14067,923,359662,4202317,359662,4202317,-43551,375727,-43555,375721,121.5,118.8,5151,22,22,359551,4202111,E79,GUADALQUIVIR
5041,RETORTILLO (DERIVACION),1,,14036,942,296597,4180266,296597,4180266,-51831,374447,-51836,374443,0.0,90.0,5228,36,37,296486,4180061,E40,GUADALQUIVIR
5042,GERGAL,1,,41049,962,760668,4162109,230754,4162383,-60255,373409,-60259,373402,0.0,50.0,5368,41,41,230643,4162179,E65,GUADALQUIVIR
5043,NEGRATIN,1,REAJUSTE DE COTA EL 01/06/2009                                                                                          ,18078,971,504098,4157334,504098,4157334,-25713,373345,-25717,373340,639.5,637.5,5028,37,37,503987,4157127,E06,GUADALQUIVIR
5044,DAÑADOR,1,,23062,864,496684,4251274,496684,4251274,-30217,382433,-30221,382428,716.7,713.7,5078,32,32,496572,4251067,E12,GUADALQUIVIR
5045,AGUASCEBAS,1,,23095,907,504318,4211027,504318,4211027,-25703,380249,-25707,380242,1016.9,1016.0,5996,32,32,504207,4210820,E02,GUADALQUIVIR
5046,GUADANUÑO-CERRO MURIANO,1,,14021,902,342189,4209817,342189,4209817,-44752,380118,-44757,380114,513.0,512.0,5995,32,32,342078,4209611,E35,GUADALQUIVIR
5047,MARTIN GONZALO,1,,14043,903,382609,4217139,382609,4217139,-42019,380538,-42024,380533,0.0,282.4,5994,32,32,382497,4216933,E27,GUADALQUIVIR
5048,CANALES,1,LOS DATOS DE 2009-10 ESTAN PENDIENTES DE REVISION                                                                       ,18094,1027,457838,4112859,457838,4112859,-32829,370938,-32834,370934,962.5,958.0,5230,33,33,457726,4112653,E41,GUADALQUIVIR
5049,YEGUAS,1,,14043,903,390395,4214185,390395,4214185,-41458,380408,-41502,380401,0.0,248.5,5136,32,32,390283,4213979,E26,GUADALQUIVIR
5050,COLOMERA,1,,18051,991,436300,4139738,436300,4139738,-34311,372406,-34316,372401,814.4,812.0,5250,30,31,436188,4139532,E44,GUADALQUIVIR
5051,SAN RAFAEL DE NAVALLANA,1,LOS DATOS DE 2008-09 ESTAN PENDIENTES DE REVISION                                                                       ,14021,923,357333,4202737,357333,4202737,-43726,375738,-43731,375733,159.3,158.0,5162,30,31,357222,4202531,E30,GUADALQUIVIR
5052,"FERNANDINA, LA",1,,23094,884,450142,4226099,450142,4226099,-33409,381053,-33414,381047,454.4,452.5,5084,30,30,450031,4225892,E14,GUADALQUIVIR
5054,ZUFRE,1,,21079,939,739535,4186977,211225,4188559,-61646,374753,-61651,374749,,250.0,5366,30,30,211115,4188355,E62,GUADALQUIVIR
5055,JOSE TORAN,1,,41055,942,281187,4180957,281187,4180957,-52901,374457,-52905,374452,150.0,147.3,5310,29,30,281076,4180752,E54,GUADALQUIVIR
5056,HUESNA,1,,41033,941,263555,4183888,263555,4183888,-54104,374618,-54108,374612,277.6,275.5,5334,29,30,263444,4183683,E56,GUADALQUIVIR
5058,AGRIO,1,,41013,961,740054,4157594,209890,4159192,-61659,373203,-61703,373156,108.6,106.5,5396,28,29,209779,4158988,E67,GUADALQUIVIR
5059,"FRESNEDA, LA (AZUD)",0,INT 2008                                                                                                                ,13098,837,440825,4274642,440825,4274642,-34047,383704,-34052,383659,0.0,717.0,5108,16,17,440714,4274435,,GUADALQUIVIR
5060,SAN CLEMENTE,1,,18098,929,531094,4190351,531094,4190351,-23848,375134,-23852,375130,1061.5,1061.0,5015,28,29,530983,4190144,E03,GUADALQUIVIR
5061,PUEBLA DE CAZALLA,1,,41077,1021,300822,4111822,300822,4111822,-51432,370751,-51437,370747,274.1,271.6,5316,27,28,300710,4111617,E55,GUADALQUIVIR
5062,GUADALMELLATO,1,,14001,902,353160,4211980,353160,4211980,-44024,380235,-44028,380249,211.5,211.5,5162,63,77,353049,4211774,E29,GUADALQUIVIR
5066,VADOMOJON,1,LOS DATOS DE 2008-09 ESTAN PENDIENTES DE REVISION                                                                       ,14007,967,391886,4166654,391886,4166654,-41331,373824,-41336,373820,365.4,363.5,5178,25,26,391774,4166448,E32,GUADALQUIVIR
5068,FRANCISCO ABELLAN-PEÑON DE LOS GITANOS,1,,18154,1010,477454,4129811,477454,4129811,-31516,371851,-31521,371846,957.6,955.0,5033,22,24,477342,4129605,E07,GUADALQUIVIR
5070,GIRIBAILE,1,,23046,906,455366,4215928,455366,4215928,-33032,380522,-33037,380517,349.7,345.5,5074,25,26,455254,4215722,E16,GUADALQUIVIR
5071,"PORTILLO, EL",1,,18046,950,518824,4184456,518824,4184456,-24710,374824,-24715,374820,,915.5,5025,20,21,518713,4184249,E04,GUADALQUIVIR
5108,VIBORAS,1,LOS DATOS DE 2005-06 SON PROVISIONALES SUJETOS A REVISION                                                               ,23060,968,410841,4166460,410841,4166460,-40038,373825,-40043,373821,,544.0,5177,16,17,410729,4166254,E31,GUADALQUIVIR
5123,FRESNEDA,1,,13098,837,445265,4268184,445265,4268184,-33742,383335,-33746,383331,717.0,717.0,5108,13,14,445154,4267977,E21,GUADALQUIVIR
5125,"MELONARES, LOS",1,,41073,940,246009,4179157,246009,4179157,-55254,374326,-55259,374321,,82.0,5350,13,13,245898,4178952,E58,GUADALQUIVIR
5139,ARENOSO,1,LOS DATOS DE 2009-10 ESTAN PENDIENTES DE REVISION                                                                       ,14043,903,373607,4209332,373607,4209332,-42624,380120,-42624,380120,209.0,,5148,14,14,373495,4209126,E28,GUADALQUIVIR
5140,SILES,1,,23082,865,533871,4250946,533871,4250946,-23644,382420,-23648,382415,0.0,702.3,5060,6,6,533760,4250739,E08,GUADALQUIVIR
4001,PEÑARROYA,1,,13019,762,499519,4323754,499519,4323754,-30020,390344,-30025,390340,736.5,735.0,4001,62,62,499408,4323546,E1-01,GUADIANA
4002,CIJARA,1,,10017,708,326561,4360331,326561,4360331,-50048,392228,-50053,392223,429.5,427.5,4059,63,63,326451,4360124,E2-01,GUADIANA
4003,GARCIA DE SOLA,1,LOS DATOS DE 2008-09 ESTAN PENDIENTES DE REVISION                                                                       ,6127,756,311310,4335274,311310,4335274,-51100,390844,-51105,390840,363.0,362.6,4065,59,59,311200,4335067,E2-03,GUADIANA
4004,ORELLANA,1,LOS DATOS DE 2004-05 SON PROVISIONALES SUJETOS A REVISION                                                               ,6097,779,280297,4318485,280297,4318485,-53211,385914,-53216,385909,320.0,318.0,4065,61,62,280187,4318279,E2-04,GUADIANA
4005,GASSET,1,,13040,759,419052,4331681,419052,4331681,-35611,390748,-35616,390743,624.0,625.5,4027,62,77,418941,4331474,E1-05,GUADIANA
4006,ZUJAR,1,DATOS DE 2003-04 SUJETOS A REVISION. DATOS MODIFICADOS DE SALIDAS 2012-13 (ANUARIO 13-14)                               ,6048,780,285227,4310676,285227,4310676,-52838,385505,-52843,385501,320.0,318.0,4082,58,58,285117,4310470,E2-07,GUADIANA
4007,TORRE DE ABRAHAM,1,,13072,710,392042,4358617,392042,4358617,-41512,392211,-41516,392206,673.7,673.5,4036,43,43,391932,4358410,E1-09,GUADIANA
4008,"VICARIO, EL",1,,13034,759,413828,4324048,413828,4324048,-35945,390338,-35950,390334,601.0,595.0,4029,43,43,413717,4323841,E1-06,GUADIANA
4010,"SERENA, LA",1,"LOS DATOS DE 2003-04 A 2005-06, 2008-09 ESTAN PENDIENTES DE REVISION                                                    ",6036,780,290795,4310001,290795,4310001,-52446,385448,-52451,385444,354.0,352.1,4082,32,33,290685,4309795,E2-06,GUADIANA
4011,ALANGE,1,"LOS DATOS DE 2003-04 A 2005-06, 2011-12, 2012-13 SON PROVISIONALES SUJETOS A REVISION                                   ",6004,803,737417,4296940,216248,4298461,-61600,384719,-61605,384715,275.6,275.6,4109,31,32,216139,4298256,E2-16,GUADIANA
4012,CHANZA,1,"LOS DATOS DE 2003-04, 2005-06  Y 2016-17 SON PROVISIONALES SUJETOS A REVISION                                           ",21037,958,630772,4158034,100718,4166615,-73110,373334,-73115,373329,63.2,63.0,4162,28,28,100608,4166412,E3-01,GUADIANA
4013,CORNALBO,1,CAMBIO DE CAPACIDAD DEL EMBALSE DESDE ANUARIO 2012-13                                                                   ,6083,777,743421,4319484,223723,4320567,-61123,385924,-61128,385919,,307.5,4111,25,26,223614,4320361,E2-17,GUADIANA
4014,PROSERPINA,1,,6083,777,728288,4316938,208450,4319023,-62154,385816,-62159,385811,245.0,244.6,4980,25,26,208341,4318817,E2-18,GUADIANA
4015,VILLAR DEL REY,1,LOS DATOS DE 2008-09 Y DE 2011-12 A 2016-17 ESTAN PENDIENTES DE REVISION                                                ,6155,750,684467,4336019,165955,4340969,-65155,390911,-65200,390907,245.9,242.9,4138,25,26,165847,4340763,E2-24,GUADIANA
4016,MONTIJO,1,"LOS DATOS DE 2003-04 A 2005-06, 2008-09, 2011-12, 2015-16 Y 2016-17 ESTAN PENDIENTES DE REVISION                        ",6083,777,723013,4311650,202836,4314092,-62539,385529,-62544,385525,204.1,202.1,4114,25,26,202727,4313887,E2-19,GUADIANA
4017,"MOLINOS DE MATACHEL, LOS",1,LOS DATOS DE 2011-12 ESTAN PENDIENTES DE REVISION                                                                       ,6069,830,751060,4269116,228044,4269798,-60711,383204,-60716,383159,351.8,350.0,4104,25,26,227934,4269593,E2-15,GUADIANA
4018,"BOQUERON, EL",1,LOS DATOS DE 2013-14 A 2015-16 ESTAN PENDIENTES DE REVISION                                                             ,6038,752,723219,4336934,204710,4339319,-62501,390908,-62506,390904,330.7,330.0,4998,25,26,204601,4339113,E2-21,GUADIANA
4019,HORNO TEJERO,1,"LOS DATOS DE 2008-09, 2009-10, 2012-13 Y 2013-14, 2015-16 Y 2016-17 ESTAN PENDIENTES DE REVISION                        ",6038,752,721934,4337051,203435,4339521,-62554,390913,-62559,390909,324.8,324.0,4115,25,26,203326,4339315,E2-20,GUADIANA
4020,TENTUDIA,1,"LOS DATOS DE 2008-09, 2014-15, 2015-16, 2016-17 Y 2018-19 ESTAN PENDIENTES DE REVISION                                  ",6026,897,735482,4220406,209332,4222191,-61853,380601,-61857,380556,669.5,668.0,4997,25,26,209222,4221986,E2-28,GUADIANA
4021,"CANCHALES, LOS",1,"LOS DATOS DE 2008-09, 2013-14, 2015-16 Y 2016-17 ESTAN PENDIENTES DE REVISION                                           ",6088,776,714763,4315933,194882,4318911,-63117,385755,-63122,385751,224.6,222.1,4115,25,26,194773,4318706,E2-22,GUADIANA
4038,CANCHO DEL FRESNO,1,LOS DATOS DE 2018-19 ESTAN PENDIENTES DE REVISION                                                                       ,10044,707,294262,4363326,294262,4363326,-52320,392339,-52325,392335,628.5,626.0,4086,14,14,294152,4363120,E2-08,GUADIANA
4041,"MARISANCHEZ (CABEZUELA, LA)",1,LOS DATOS DE 2009-10 ESTAN PENDIENTES DE REVISION                                                                       ,13087,812,476050,4282791,476050,4282791,-31631,384134,-31636,384130,763.6,763.0,4030,21,21,475939,4282584,E1-07,GUADIANA
4043,RUECAS,1,,10109,732,284743,4349661,284743,4349661,-52942,391608,-52947,391604,390.6,389.1,4086,14,14,284633,4349455,E2-09,GUADIANA
4044,SIERRA BRAVA,1,LOS DATOS DE 2018-19 ESTAN PENDIENTES DE REVISION                                                                       ,10219,731,271653,4341721,271653,4341721,-53838,391139,-53843,391134,331.6,331.6,4087,14,14,271543,4341515,E2-11,GUADIANA
4045,"VEGA DEL JABALON, LA",1,,13027,811,431965,4290640,431965,4290640,-34659,384540,-34704,384536,640.3,639.0,4030,21,21,431854,4290433,E1-08,GUADIANA
4047,CUBILAR,1,"LOS DATOS DE 2013-14, 2016-17 Y 2018-19 ESTAN PENDIENTES DE REVISION                                                    ",10109,732,286373,4346299,286373,4346299,-52831,391421,-52835,391416,352.0,350.5,4988,14,14,286263,4346093,E2-13,GUADIANA
4048,GARGALIGAS,1,"LOS DATOS DE 2011-12, 2013-14 Y 2016-17 ESTAN PENDIENTES DE REVISION                                                    ",6102,732,296595,4340411,296595,4340411,-52118,391119,-52123,391114,357.2,355.6,4089,14,14,296485,4340205,E2-12,GUADIANA
4050,PUERTO VALLEHERMOSO,1,,13010,787,485450,4302455,485450,4302455,-31004,385213,-31008,385208,750.0,749.5,4004,21,21,485339,4302248,E1-02,GUADIANA
4051,PUENTE NAVARRO,1,LOS DATOS DE 2012-13 ESTAN PENDIENTES DE REVISION                                                                       ,13039,760,434336,4329734,434336,4329734,-34534,390649,-34539,390645,606.3,606.0,4025,11,11,434225,4329527,E1-03,GUADIANA
4083,ANDEVALO,1,LOS DATOS DE 2011-12 ESTAN PENDIENTES DE REVISION                                                                       ,21003,958,641893,4164634,112257,4172500,-72332,373702,-72337,373658,113.5,112.0,4157,14,14,112148,4172298,E3-10,GUADIANA
4183,LAVADERO O RUECAS (AZUD),1,LOS DATOS DE 2008-09 A 2011-12 Y 2013-14 ESTAN PENDIENTES DE REVISION                                                   ,10109,731,282308,4345908,282308,4345908,-53119,391404,-53124,391400,,338.5,4086,14,14,282198,4345702,E2-10,GUADIANA
8001,ALARCON,1,"DESDE 06/95 SALIDAS NO INCLUYE EL TRASVASE TAJO-SEGURA.DATOS 2002-05, 2008-10, 2013-14, 2015-17 Y 2018-19 EN REVISION   ",16003,691,576382,4380018,576382,4380018,-20639,393357,-20643,393353,0.0,806.0,8048,63,77,576272,4379810,400.0,JUCAR
8002,ALCORA,1,"LOS DATOS DE 2002-03. 2004-05, 2005-06 Y 2016-17  SON PROVISIONALES SUJETOS A REVISION. ENTRADAS EN REVISION            ",12005,615,737280,4442540,737280,4442540,-1259,400557,-1304,400552,303.0,302.5,8200,63,64,737170,4442331,100.0,JUCAR
8003,ALMANSA,1,"LOS DATOS DE 2002-03. 2004-06, 2016-17 Y 2018-19  SON PROVISIONALES SUJETOS A REVISION. ENTRADAS EN REVISION            ",2009,793,660059,4304699,660059,4304699,-10917,385236,-10922,385229,0.0,739.0,8998,62,71,659949,4304491,700000000000.0,JUCAR
8004,AMADORIO,1,ENTRADAS EN REVISION. DATOS 2018-19 PROVISIONALES SUJETOS A REVISION                                                    ,3139,847,738513,4268781,738513,4268781,-1549,383205,-1554,383201,0.0,127.0,8017,63,64,738403,4268573,80.0,JUCAR
8005,ARENOS,1,ENTRADAS EN REVISION. DATOS 2018-19 PROVISIONALES SUJETOS A REVISION                                                    ,12079,614,709064,4440386,709064,4440386,-3253,400513,-3257,400510,0.0,600.0,8184,39,39,708954,4440177,200.0,JUCAR
8006,ARQUILLO DE SAN BLAS,1,ENTRADAS EN REVISION. DATOS 2013-14 Y 2018-19 PROVISIONALES SUJETOS A REVISION                                          ,44216,566,652520,4469922,652520,4469922,-11213,402155,-11218,402151,977.0,974.2,8134,54,54,652411,4469713,30.0,JUCAR
8007,BENIARRES,1,"LOS DATOS DE 2008-09, 2009-10, 2016-17 Y 2018-19 ESTAN PENDIENTES DE REVISION. ENTRADAS EN REVISION                     ",3028,821,729642,4299767,729642,4299767,-2119,384858,-2123,384854,0.0,318.0,8029,63,64,729532,4299559,90.0,JUCAR
8008,BUSEO,1,"DATOS 2003-05, 2008-09, 2012-13, 2016-17 Y 2018-19 PROVISIONALES. ENTRADAS EN REVISION. RESERVA 17-01-2015 EN REVISION  ",46234,694,677030,4385102,677030,4385102,5618,393551,-5622,393544,0.0,478.0,8157,63,77,676920,4384893,6000.0,JUCAR
8009,CONTRERAS,1,ENTRADAS EN REVISION                                                                                                    ,46259,693,628756,4378377,628756,4378377,-13006,393241,-13010,393237,673.0,669.0,8089,48,48,628646,4378169,50.0,JUCAR
8012,EMBARCADEROS,0,INT 1988                                                                                                                ,46097,745,669713,4345601,669713,4345601,-10200,391435,-10205,391429,325.5,321.0,8098,19,19,669603,4345393,,JUCAR
8013,FORATA,1,"LOS DATOS DE 2003-04, 2004-05 Y 2018-19 SON PROVISIONALES SUJETOS A REVISION. ENTRADAS EN REVISION                      ",46261,720,684105,4356997,684105,4356997,-5149,392032,-5154,392027,384.0,384.0,8123,53,53,683995,4356788,7000.0,JUCAR
8014,BENAGEBER,1,ENTRADAS EN REVISION. DATOS DE 2018-19 SON PROVISIONALES SUJETOS A REVISION                                             ,46050,666,663043,4399340,663043,4399341,-10551,394340,-10556,394335,0.0,527.2,8152,63,77,662933,4399132,60.0,JUCAR
8015,GUADALEST,1,"LOS DATOS DE 2003-04, 2005-06 Y 2018-19 SON PROVISIONALES SUJETOS A REVISION. ENTRADAS EN REVISION                      ",3075,821,744383,4285194,744383,4285194,-1127,384052,-1131,384047,0.0,380.0,8020,54,54,744273,4284986,800.0,JUCAR
8016,LORIGUILLA,1,ENTRADAS EN REVISION. DATOS DE 2018-19 SON PROVISIONALES SUJETOS A REVISION                                             ,46148,694,679107,4392916,679107,4392916,-5443,393960,-5448,393956,0.0,320.0,8156,52,52,678997,4392707,600.0,JUCAR
8017,MARIA CRISTINA,1,"DATOS DE 2002-03 A 2004-05, 2008-09, 2009-10, 2013-14 Y 2018-19 PENDIENTES DE REVISION. ENTRADAS EN REVISION            ",12005,616,742103,4434950,742103,4434950,-946,400146,-951,400142,318.2,134.3,8201,62,77,741993,4434741,1000000.0,JUCAR
8018,ONDA,1,"DATOS DE 2004-05, 2009-10, 2013-14 Y 2018-19 PROVISIONALES SUJETOS A REVISION. ENTRADAS EN REVISION                     ",12006,640,728120,4424335,728120,4424335,-1949,395616,-1953,395612,307.7,306.0,8172,63,67,728010,4424126,10000.0,JUCAR
8019,REGAJO,1,ENTRADAS EN REVISION. DATOS DE 2018-19 SON PROVISIONALES SUJETOS A REVISION                                             ,12071,639,711716,4418624,711716,4418624,3126,395329,-3130,395322,0.0,405.0,8168,62,62,711606,4418415,0.0,JUCAR
8021,SICHAR,1,"DATOS DE 2002-03, 2013-14 Y 2018-19 PROVISIONALES SUJETOS A REVISION. ENTRADAS EN REVISION                              ",12084,615,736423,4432764,736423,4432764,-1348,400041,-1353,400036,0.0,164.0,8194,62,62,736313,4432555,100000.0,JUCAR
8023,"TOBA, LA",1,"LOS DATOS DE 2002-03 A 2005-06, 2008-09  Y 2015-16 ESTAN PENDIENTES DE REVISION                                         ",16245,587,591836,4451861,591836,4451861,-15515,401241,-15519,401237,0.0,1156.3,8036,63,77,591727,4451652,40.0,JUCAR
8025,ULLDECONA,1,"DATOS DE 2004-05, 2005-06, 2009-10, 2013-14, 2014-15 Y 2016-17 PROVISIONALES SUJETOS A REVISION. ENTRADAS EN REVISION   ",12093,521,266322,4506079,773434,4507449,1406,404021,1401,404015,0.0,477.1,8218,62,62,773325,4507239,10.0,JUCAR
8026,"MOLINAR, EL",1,"DATOS DE 2004-05, 2008-09, 2010-11, 2013-14, 2014-15 Y 2016-17 PENDIENTES DE REVISION                                   ",2077,744,651898,4341527,651898,4341527,-11427,391233,-11431,391228,478.0,476.0,8066,32,32,651788,4341319,70.0,JUCAR
8027,CORTES 2,1,"LOS DATOS DE 2002-03 A 2004-05, 2007-08, 2009-10, 2010-11, 2014-15 Y 2016-17 SON PROVISIONALES SUJETOS A REVISION       ",46099,745,679692,4348083,679692,4348084,-5502,391546,-5507,391542,329.0,326.0,8098,32,32,679582,4347875,7000000000000.0,JUCAR
8028,"MUELA, LA (BOMBEO)",1,"DATOS DE 2002-03, 2005-06, 2007-08, 2008-09, 2010-11, 2013-14, 2014-15, 2015-16 Y 2016-17 PENDIENTES DE REVISION        ",46099,745,678915,4345465,678915,4345465,5537,391424,-5541,391418,0.0,832.0,8098,32,32,678805,4345257,70000000000000.0,JUCAR
8029,"NARANJERO, EL",1,"DATOS DE 2002-03, 2004-06, 2007-08, 2012-13, 2015-17 Y 2018-19 SUJETOS A REVISION                                       ",46099,746,685402,4350000,685402,4350000,5102,391646,-5106,391640,243.0,240.0,8098,32,32,685292,4349791,700.0,JUCAR
8030,TOUS,1,ENTRADAS EN REVISION. DATOS DE 2018-19 SON PROVISIONALES SUJETOS A REVISION                                             ,46246,769,703168,4334364,703168,4334364,3858,390805,-3902,390759,145.0,130.0,8104,27,28,703058,4334156,70000.0,JUCAR
8031,ESCALONA,1,HASTA EL AÑO 2011/12 EL CODIGO ERA 8037. DATOS DE 2004-05 Y 2008-09 PENDIENTES DE REVISION. ENTRADAS EN REVISION        ,46179,769,699042,4333787,699042,4333787,-4151,390748,-4155,390743,190.9,143.0,8103,24,25,698932,4333579,7000000000.0,JUCAR
8032,BELLUS,1,"HASTA AÑO 11/12 EL CODIGO ERA 8036. DATOS DE 2002-03 A 2004-05, 2008-09, 2009-10 Y 2011-12 Y ENTRADAS EN REVISION       ",46049,795,718691,4313299,718691,4313299,2836,385629,-2841,385622,160.1,155.0,8109,24,25,718581,4313091,70000000000.0,JUCAR
8033,ALGAR,1,HASTA EL AÑO 2011/12 EL CODIGO ERA 8057. LOS DATOS DE 2004-05 Y 2013-14 SUJETOS A REVISION. ENTRADAS EN REVISION        ,46028,668,724759,4407728,724759,4407728,-2231,394721,-2235,394717,,207.0,8168,16,16,724649,4407519,0.0,JUCAR
8034,BALAGUERAS,1,DATOS DE 2013-14 PROVISIONALES SUJETOS A REVISION. ENTRADAS EN REVISION                                                 ,44201,591,697676,4454062,697676,4454062,-4038,401247,-4042,401243,1017.0,1015.2,8181,8,8,697566,4453853,,JUCAR
8035,VALBONA,1,RESERVA 30-06-2015 EN REVISION                                                                                          ,44240,591,685795,4458357,685795,4458357,-4856,401516,-4900,401512,979.8,978.5,8995,8,8,685686,4458148,,JUCAR
8036,MORA DE RUBIELOS,1,DATOS DE 2013-14 PROVISIONALES SUJETOS A REVISION. ENTRADAS EN REVISION                                                 ,44158,591,691966,4461493,691966,4461493,-4436,401648,-4436,401648,,,8179,8,8,691857,4461284,,JUCAR
8931,TIBI,0,INT 1970                                                                                                                ,3129,846,713064,4264406,713064,4264406,3324,383009,-3328,383003,0.0,403.0,8011,3,3,712954,4264198,,JUCAR
8932,RELLEU,0,INT 1970                                                                                                                ,3112,847,736356,4271997,736356,4271997,1714,383354,-1719,383348,0.0,251.0,8015,3,3,736246,4271789,,JUCAR
8933,ELCHE,0,INT 1970                                                                                                                ,3065,893,699361,4242569,699361,4242569,4311,381833,-4316,381826,0.0,152.0,8005,3,3,699251,4242361,,JUCAR
8934,ELDA,0,INT 1970                                                                                                                ,3066,871,692497,4263431,692497,4263431,-4734,382952,-4738,382948,0.0,426.0,8003,3,3,692387,4263223,,JUCAR
1627,BELESAR,1,LOS DATOS DESDE 1962 EN ADELANTE ESTAN EN PROCESO DE REVISION                                                           ,27016,155,605695,4720600,113659,4730564,-74240,423747,-74245,423743,330.0,330.0,1408,58,59,113548,4730358,E001,MINHO
1629,"PEARES, LOS",1,RESERVA MODIFICADA DESDE 1955 (REFERENCIA RESPECTO VOLUMEN TOTAL). SALIDAS DEL 10/2000 AL 01/2003 PROVISIONALES         ,27041,188,605020,4702424,111695,4712451,-74321,422759,-74327,422754,194.2,194.2,1410,63,66,111584,4712244,E002,MINHO
1631,VELLE,1,LOS DATOS DE SALIDAS DEL 10/2000 AL 01/2003 SUJETOS A REVISION. DATOS RESERVA MODIFICADOS DESDE 08/1982 AL 09/2008      ,32054,188,594674,4690377,100534,4701144,-75101,422136,-75105,422129,108.4,108.4,1467,51,51,100423,4700937,E030,MINHO
1634,CASTRELO,1,LOS DATOS DE SALIDAS DEL 10/2000 AL 01/2003 SUJETOS A REVISION. DATOS RESERVA MODIFICADOS DESDE 08/1982 AL 09/2008      ,32069,225,572962,4682849,78272,4695155,-80654,421737,-80659,421733,88.0,88.0,1473,51,51,78160,4694948,E031,MINHO
1637,ALBARELLOS,1,LOS DATOS DE SALIDAS DEL 10/2000 AL 01/2003 SON PROVISIONALES SUJETOS A REVISION                                        ,32040,186,566619,4694677,72768,4707428,-81126,422403,-81131,422359,0.0,265.0,1476,48,49,72656,4707221,E032,MINHO
1641,FRIEIRA,1,LOS DATOS DE SALIDAS DEL 10/2000 AL 01/2003 SUJETOS A REVISION. DATOS RESERVA MODIFICADOS DESDE 08/1982 AL 09/2008      ,36014,262,566810,4667614,71047,4680359,-81129,420925,-81134,420921,67.0,67.0,1491,51,51,70935,4680152,E033,MINHO
1704,"ROZAS, LAS - MATALAVILLA (SIST.)",1,,24116,101,716447,4754107,226629,4756139,-62055,425429,-62100,425425,0.0,959.5,1414,49,50,226517,4755932,E003-E005,MINHO
1709,BARCENA,1,LOS DATOS DE 2008-09 ESTAN PENDIENTES DE REVISION                                                                       ,24115,158,700347,4717002,207924,4720255,-63332,423443,-63337,423439,620.0,620.0,1414,60,60,207814,4720049,E007,MINHO
1710,FUENTE DEL AZUFRE,1,LOS DATOS DE 2008-09 Y 2013-14 ESTAN PENDIENTES DE REVISION                                                             ,24115,158,698546,4715224,206001,4718608,-63453,423347,-63458,423343,538.9,536.1,1414,59,59,205891,4718402,E008,MINHO
1711,CAMPAÑANA,1,LOS DATOS DE 2008-09 A 2010-11 Y 2013-14 ESTAN PENDIENTES DE REVISION                                                   ,24041,191,683385,4707716,190337,4712187,-64606,422958,-64611,422953,0.0,525.8,1976,52,52,190226,4711981,E350,MINHO
1712,PEÑARRUBIA,1,,32073,191,679440,4702987,186064,4707745,-64904,422728,-64909,422723,394.9,394.4,1432,52,52,185953,4707539,E011,MINHO
1713,SANTIAGO,1,,32088,190,658268,4696617,164474,4702882,-70437,422418,-70442,422414,303.0,303.0,1436,52,52,164363,4702676,E570,MINHO
1716,PUMARES,1,,32018,190,676257,4696970,182461,4701963,-65130,422415,-65135,422411,359.0,359.0,1434,50,50,182350,4701757,E571,MINHO
1718,MONTEARENAS,1,LOS DATOS DE 2008-09 ESTAN PENDIENTES DE REVISION                                                                       ,24115,158,701187,4714515,208586,4717713,-63258,423322,-63303,423318,549.9,549.0,1419,52,52,208476,4717507,E009,MINHO
1740,SAN MARTIN,1,,27050,190,650490,4694958,156589,4701775,-71018,422330,-71023,422326,0.0,290.0,1436,63,63,156478,4701569,E013,MINHO
1741,SAN SEBASTIAN,1,LOS DATOS DE 2008-09 Y 2009-10 ESTAN PENDIENTES DE REVISION                                                             ,49162,266,669709,4668146,173920,4673646,-65646,420849,-65650,420843,0.0,1198.0,1437,61,61,173809,4673439,E014,MINHO
1743,BAO,1,,32015,228,651325,4678986,156296,4685766,-70957,421452,-71002,421447,654.0,652.0,1441,61,61,156185,4685559,E018,MINHO
1744,MONTEFURADO,1,,27050,189,646750,4694914,152880,4701995,-71301,422334,-71305,422327,290.0,290.0,1453,63,63,152769,4701789,E023,MINHO
1745,PIAS O SAN AGUSTIN,1,,49154,266,666263,4663320,170139,4669069,-65921,420616,-65925,420609,0.0,1040.0,1437,60,60,170028,4668862,E015,MINHO
1748,GUISTOLAS,1,,32063,189,640090,4689632,145855,4697190,-71757,422047,-71801,422040,700.5,700.0,1452,63,63,145744,4696983,E022,MINHO
1751,SEQUEIROS,1,,27050,189,643902,4701530,150475,4708805,-71500,422707,-71505,422703,256.0,255.1,1454,63,63,150364,4708599,E024,MINHO
1768,SAN ESTEBAN,1,,32052,188,611177,4696829,117481,4706423,-73855,422457,-73859,422450,229.0,229.0,1462,63,63,117370,4706216,E027,MINHO
1769,SAN PEDRO,1,,27041,188,605875,4701032,112452,4710999,-74245,422713,-74250,422709,132.0,130.0,1466,61,62,112341,4710792,E029,MINHO
1770,"PORTAS, LAS",1,,32092,265,648157,4664265,152096,4671287,-71228,420657,-71234,420653,884.0,882.0,1438,47,48,151985,4671080,E016,MINHO
1780,EDRADA-MAO,1,SALIDAS DEL 10/2000 AL 01/2003 Y DATOS DE 2008-09 A 2010-11 Y 2013-14 A 2014-15 PENDIENTES DE REVISION                  ,32057,188,621976,4688295,127637,4697135,-73110,422012,-73115,422008,806.0,806.0,1974,41,41,127526,4696928,E026,MINHO
1781,EDRADA-CONSO,1,,32092,265,646432,4667592,150607,4674731,-71341,420846,-71345,420841,890.5,888.0,1440,41,41,150496,4674524,E016B,MINHO
1782,CENZA,1,,32092,227,645024,4673105,149589,4680336,-71437,421145,-71442,421141,1341.9,1341.0,1973,27,28,149478,4680129,E017,MINHO
1790,CHANDREJA,1,,32029,227,633174,4680434,138298,4688491,-72307,421553,-72311,421546,910.0,910.0,1452,63,63,138187,4688284,E021,MINHO
1791,PRADA,1,,32083,228,661653,4686352,167129,4692394,-70219,421843,-70224,421839,845.0,845.0,1448,61,61,167018,4692187,E019,MINHO
1792,SANTA EULALIA,1,,32015,190,659579,4690505,165351,4696687,-70345,422059,-70350,422055,0.0,525.0,1450,52,52,165240,4696480,E020,MINHO
1794,VILL / MAO /REGUEIRO,0,INT 1976                                                                                                                ,32049,189,622741,4689033,128454,4697818,-73036,422035,-73041,422031,0.0,751.0,1461,4,6,128343,4697611,,MINHO
1795,LEBOREIRO-MAO,1,LOS DATOS DE SALIDAS DEL 10/2000 AL 01/2003 SON PROVISIONALES SUJETOS A REVISION                                        ,32049,226,621803,4687290,127394,4696143,-73118,421939,-73123,421935,860.8,860.0,1461,50,51,127283,4695936,E025,MINHO
1796,VILASOUTO,1,DATOS RESERVA MODIFICADOS DE 09/1980 Y DATOS MODIFICADOS DE 10/1985 A 02/1987 RESPECTO A PUBLICADOS                     ,27024,156,629414,4724709,137648,4732984,-72515,423948,-72521,423943,474.2,473.0,1464,43,43,137537,4732778,E028,MINHO
1807,"SALAS, LAS",1,LOS DATOS DE SALIDAS DEL 10/2000 AL 01/2003 Y LOS DATOS DE 2009-10 Y 2015-16 ESTAN PENDIENTES DE REVISION               ,32051,301,587768,4642117,90204,4653398,-75629,415531,-75634,415527,0.0,834.0,1512,48,49,90092,4653191,E036,MINHO
1808,"CONCHAS, LAS",1,LOS DATOS DE SALIDAS DEL 10/2000 AL 01/2003 Y DATOS DE 2013-14 SON PROVISIONALES SUJETOS A REVISION                     ,32041,301,580122,4644259,82712,4656076,-80200,415644,-80205,415640,549.0,549.0,1511,63,63,82600,4655869,E035,MINHO
7001,ANCHURICAS,1,,23904,887,541107,4228829,541107,4228829,-23150,381221,-23154,381217,910.2,909.5,7014,56,56,540995,4228622,04E04E1,SEGURA
7002,FUENSANTA,1,,2086,866,569288,4249740,569288,4249740,-21224,382333,-21228,382329,0.0,602.1,7018,63,77,569177,4249533,04S02E1,SEGURA
7003,CENAJO,1,,2037,868,607041,4247285,607041,4247285,-14629,382200,-14634,382156,435.0,433.4,7026,63,64,606930,4247078,04S03E1,SEGURA
7004,"VIEJA, LA O NOVIA, LA",1,,23904,888,547599,4225776,547599,4225776,-22724,381041,-22728,381036,0.0,918.4,7015,56,56,547487,4225569,04E05E1,SEGURA
7005,ALFONSO XIII,1,,30013,890,622648,4231712,622648,4231712,-13556,381328,-13600,381323,0.0,300.9,7039,63,77,622537,4231504,02E03E1,SEGURA
7006,"CIERVA, LA",1,,30029,912,632755,4213761,632755,4213761,-12912,380340,-12917,380336,392.0,390.8,7049,63,77,632644,4213553,01E01E1,SEGURA
7007,PUENTES,1,,30024,953,604154,4177251,604154,4177251,-14905,374410,-14909,374405,,464.0,7062,63,77,604043,4177043,05E03E1,SEGURA
7008,TALAVE,1,,2044,842,599111,4263060,599111,4263060,-15148,383035,-15152,383031,509.0,507.8,7031,63,77,599001,4262853,03E02E1,SEGURA
7009,CAMARILLAS,1,,2037,868,618194,4244610,618194,4244610,-13851,382028,-13856,382024,349.6,348.6,7033,61,61,618083,4244403,03E03E1,SEGURA
7010,SANTOMERA,1,,30901,913,667721,4218330,667721,4218330,-10514,380548,-10519,380543,0.0,100.4,7068,50,50,667610,4218122,01E02E1,SEGURA
7011,ARGOS,1,,30017,890,611025,4225775,611025,4225775,-14357,381021,-14402,381016,411.2,413.2,7037,48,48,610914,4225568,02E02E1,SEGURA
7012,VALDEINFIERNO,1,LOS DATOS DE 2012-13 ESTAN PENDIENTES DE REVISION                                                                       ,30024,952,591229,4184933,591229,4184933,-15749,374824,-15754,374819,689.7,697.4,7059,50,50,591118,4184725,05E02E1,SEGURA
7013,OJOS,1,,30011,912,644485,4225187,644485,4225187,-12103,380945,-12107,380940,139.8,138.6,7046,39,39,644374,4224979,02S01E1,SEGURA
7014,MAYES,1,,30031,912,642373,4219499,642373,4219499,-12234,380641,-12238,380637,276.9,276.3,7997,39,39,642262,4219291,02E01E1,SEGURA
7015,"PEDRERA, LA",1,LOS DATOS DE 2016-17  ESTAN PENDIENTES DE REVISION                                                                      ,3099,913,686530,4211770,686530,4211770,-5229,380202,-5233,380157,0.0,105.0,7996,36,36,686419,4211562,07E01E1,SEGURA
7016,CREVILLENTE,1,,3059,893,693330,4236870,693330,4236870,-4726,381530,-4730,381526,0.0,145.0,7995,29,30,693219,4236662,07E02E1,SEGURA
7017,TAIBILLA,1,,2055,888,564712,4227561,564712,4227561,-21540,381135,-21544,381130,,951.3,7021,26,27,564600,4227354,04E06E1,SEGURA
7018,ALGECIRAS,1,,30008,933,641846,4194772,641846,4194772,-12313,375320,-12317,375315,267.5,265.0,7065,20,21,641735,4194564,01E05E1,SEGURA
3006,ENTREPEÑAS,1,,19245,562,521277,4482675,521277,4482675,-24456,402938,-24501,402934,0.0,718.0,3029,63,67,521168,4482467,,TAJO
3007,BOLARQUE,1,,19022,562,515505,4468180,515505,4468180,-24903,402148,-24907,402144,586.0,642.0,3057,63,66,515396,4467972,,TAJO
3008,ZORITA,1,,19335,561,508838,4466420,508838,4466420,-25345,402051,-25350,402047,0.0,600.0,3057,54,54,508729,4466212,,TAJO
3009,ALMOGUERA,1,,19021,584,503615,4458403,503615,4458403,-25727,401631,-25732,401627,0.0,585.0,3059,54,54,503505,4458195,,TAJO
3013,"PORTIÑA, LA",1,,45165,627,342920,4429200,342920,4429200,-45024,395952,-45029,395947,0.0,411.0,3989,50,51,342810,4428993,,TAJO
3016,TORREJON-TAJO,1,,10190,651,244485,4413740,244485,4413740,-55909,395004,-55914,395000,243.5,243.5,3261,53,53,244376,4413534,,TAJO
3019,ALCANTARA,1,,10008,648,681429,4400202,167194,4405273,-65259,394354,-65304,394350,0.0,218.0,3371,51,52,167086,4405067,,TAJO
3043,BUENDIA,1,,16041,562,518455,4472242,518455,4472242,-24657,402360,-24702,402355,712.0,712.0,3054,63,67,518346,4472034,,TAJO
3050,"VADO, EL",1,,19307,459,474815,4539398,474815,4539398,-31758,410017,-31803,410013,0.0,923.5,3070,63,72,474706,4539190,,TAJO
3065,PALMACES,1,,19208,460,505150,4544575,505150,4544575,-25619,410306,-25624,410302,885.0,885.0,3094,63,73,505041,4544367,,TAJO
3066,"ATANCE, EL",1,,19257,461,518120,4547372,518120,4547372,-24703,410439,-24708,410432,909.7,907.0,3088,14,15,518011,4547164,,TAJO
3068,BELEÑA,1,,19092,485,483623,4531652,483623,4531652,-31140,405606,-31145,405602,845.0,843.5,3102,35,35,483514,4531444,,TAJO
3069,SANTILLANA,1,,28082,509,430950,4506735,430950,4506735,-34903,404229,-34907,404224,0.0,894.0,3119,63,76,430841,4506528,,TAJO
3073,FINISTERRE,1,DATOS 2013-14 PROVISIONALES PENDIENTES DE REVISION                                                                      ,45166,686,444226,4389398,444226,4389398,-33900,393907,-33905,393903,0.0,685.4,3158,27,28,444116,4389190,,TAJO
3074,"CASTRO, EL",1,DATOS 2013-14 PROVISIONALES PENDIENTES DE REVISION                                                                      ,45191,658,435684,4406707,435684,4406707,-34505,394826,-34510,394822,561.0,552.0,3158,27,28,435574,4406499,,TAJO
3079,"TAJERA, LA",1,,19260,487,532360,4521175,532360,4521175,-23658,405025,-23703,405021,962.1,959.5,3131,27,28,532251,4520967,,TAJO
3111,"BURGUILLO, EL",1,,5241,556,369985,4476245,369985,4476245,-43157,402534,-43202,402529,0.0,729.1,3210,63,81,369875,4476038,,TAJO
3112,SAN JUAN,1,,28133,557,388730,4470175,388730,4470175,-41838,402227,-41843,402222,0.0,580.0,3220,63,66,388620,4469968,,TAJO
3113,PICADAS,1,,28133,580,393995,4465710,393995,4465710,-41452,402004,-41457,401960,0.0,518.5,3220,54,54,393885,4465503,,TAJO
3114,CHARCO DEL CURA (PUENTE NUEVO),1,,5241,557,372630,4475950,372630,4475950,-43005,402525,-43010,402521,0.0,647.5,3210,54,54,372520,4475743,,TAJO
3115,CAZALEGAS,1,,45045,602,354490,4430810,354490,4430810,-44218,400051,-44223,400047,385.4,384.1,3238,63,63,354380,4430603,,TAJO
3116,MORALES,1,,28128,580,370970,4464013,370970,4464013,-43107,401858,-43112,401853,802.9,802.0,3988,28,29,370860,4463806,,TAJO
3127,ROSARITO,1,,45125,600,302063,4442756,302063,4442756,-51921,400640,-51926,400636,0.0,307.3,3280,63,63,301954,4442549,,TAJO
3128,TORREJON-TIETAR,1,,10182,623,244150,4414150,244150,4414150,-55924,395017,-55929,395013,223.0,222.0,3296,53,53,244041,4413944,,TAJO
3141,GUIJO DE GRANADILLA,1,,10090,575,743440,4451906,232578,4452717,-60827,401054,-60832,401049,0.0,329.0,3346,32,32,232469,4452511,,TAJO
3142,GABRIEL Y GALAN,1,,10090,575,744075,4456476,233520,4457234,-60754,401321,-60759,401317,0.0,386.0,3346,63,65,233411,4457028,,TAJO
3143,VALDEOBISPO,1,,10202,597,734479,4442601,223007,4444036,-61458,400601,-61503,400557,0.0,308.0,3350,55,55,222898,4443830,,TAJO
3145,JERTE-PLASENCIA,1,,10148,598,752432,4438857,240670,4439090,-60226,400341,-60230,400337,0.0,367.0,3353,34,34,240561,4438884,,TAJO
3148,BORBOLLON,1,DATO RESERVA MODIFICADO 01/09/1959 (ANUARIO 13-14)                                                                      ,10171,596,706560,4444661,195279,4447976,-63433,400734,-63438,400730,0.0,313.5,3363,63,64,195170,4447770,,TAJO
3151,CASTREJON,1,,45136,656,389280,4410270,389280,4410270,-41738,395004,-41743,395000,0.0,425.0,3183,54,54,389170,4410063,,TAJO
3152,VALDECAÑAS,1,,10026,652,276430,4406580,276430,4406580,-53638,394645,-53643,394641,315.0,315.0,3259,56,57,276321,4406374,,TAJO
3154,RIOSEQUILLO,1,,28027,484,445558,4537473,445558,4537473,-33850,405909,-33855,405905,1010.0,1005.0,3071,63,63,445449,4537266,,TAJO
3155,PUENTES VIEJAS,1,,28902,484,452060,4538375,452060,4538375,-33412,405940,-33417,405936,0.0,950.5,3073,63,63,451951,4538167,,TAJO
3156,"ATAZAR, EL",1,,28016,485,460235,4529316,460235,4529316,-32820,405448,-32825,405444,0.0,870.0,3075,50,50,460126,4529108,,TAJO
3157,"VELLON, EL",1,,28108,509,447380,4512110,447380,4512110,-33724,404527,-33729,404523,0.0,828.0,3077,53,54,447271,4511903,,TAJO
3160,RIVERA DE GATA,1,,10215,596,701779,4445551,190565,4449188,-63754,400807,-63759,400803,349.5,339.5,3366,31,32,190457,4448982,,TAJO
3166,TORCON,1,DATOS 2013-14 PROVISIONALES PENDIENTES DE REVISION                                                                      ,45109,684,381203,4387291,381203,4387291,-42303,393735,-42308,393731,0.0,700.0,3190,61,62,381093,4387084,,TAJO
3181,VALMAYOR,1,,28160,533,411397,4487932,411397,4487932,-40246,403212,-40251,403208,831.0,828.0,3167,39,39,411288,4487725,,TAJO
3189,NAVACERRADA,1,,28093,508,415195,4507800,415195,4507800,-40014,404258,-40019,404254,1156.0,1156.0,3118,51,51,415086,4507593,,TAJO
3190,"JAROSA, LA",1,,28068,533,405640,4502380,405640,4502380,-40659,403958,-40704,403954,1087.0,1087.0,3993,51,51,405531,4502173,,TAJO
3191,NAVALMEDIO,1,,28038,508,412340,4511640,412340,4511640,-40218,404501,-40223,404457,0.0,1289.0,3994,51,51,412231,4511433,,TAJO
3195,"VILLAR, EL",1,,28902,484,452726,4533285,452726,4533285,-33342,405655,-33347,405651,0.0,903.5,3073,63,63,452617,4533077,,TAJO
3196,PINILLA,1,,28076,484,434955,4533137,434955,4533137,-34622,405646,-34627,405642,1090.0,1088.8,3071,54,54,434846,4532930,,TAJO
3199,NAVALCAN,1,,45110,601,317364,4435509,317364,4435509,-50827,400258,-50832,400253,0.0,370.0,3275,39,39,317254,4435302,,TAJO
3201,MOLINO DE CHINCHA,1,DATOS 2015-16 PROVISIONALES PENDIENTES DE REVISION                                                                      ,16057,539,569715,4489562,569715,4489562,-21036,403311,-21041,403307,0.0,939.3,3032,60,73,569606,4489353,,TAJO
3203,AZUTAN,1,,45017,654,321215,4405405,321215,4405405,-50515,394645,-50520,394641,0.0,354.0,3249,50,50,321105,4405198,,TAJO
3208,SALOR,1,,10037,704,732325,4360794,215381,4362533,-61812,392153,-61817,392149,0.0,395.9,3380,43,43,215272,4362327,,TAJO
3227,ACEÑA,1,,5184,532,396780,4496675,396780,4496675,-41313,403650,-41317,403645,1317.5,1316.1,3214,29,30,396671,4496468,,TAJO
3247,NAVAMUÑO,1,,37078,553,264468,4470280,264468,4470280,-54623,402057,-54628,402053,0.0,1241.0,3996,31,31,264359,4470073,,TAJO
3252,GUAJARAZ,1,DATOS 2013-14 PROVISIONALES PENDIENTES DE REVISION                                                                      ,45016,657,407009,4406316,407009,4406316,-40510,394804,-40515,394759,606.1,605.0,3164,43,44,406899,4406109,,TAJO
3257,"BUJEDA, LA",1,,19022,585,514190,4455100,514190,4455100,-24959,401444,-25004,401440,903.0,905.5,3059,32,32,514080,4454892,,TAJO
3263,"PARDO, EL",1,,28079,534,433299,4488075,433299,4488075,-34715,403224,-34720,403220,0.0,629.0,3121,48,48,433190,4487868,,TAJO
3264,GUADILOBA,1,,10037,704,732528,4374501,216495,4376200,-61747,392917,-61752,392913,359.7,359.4,3317,42,42,216386,4375994,,TAJO
3267,PORTAJE,1,DATOS 2013-14 PROVISIONALES PENDIENTES DE REVISION                                                                      ,10150,621,710278,4418701,197242,4421809,-63226,395330,-63231,395326,302.1,301.0,3326,27,28,197133,4421603,,TAJO
3285,CEDILLO,1,,10062,674,625328,4391701,110576,4400538,-73220,393955,-73225,393951,0.0,115.0,3399,45,46,110468,4400332,,TAJO
3287,ALCORLO,1,,19269,460,497998,4539929,497998,4539929,-30126,410035,-30131,410031,922.5,920.0,3098,39,40,497889,4539721,,TAJO
3300,BAÑOS,1,DATOS 2013-14 PROVISIONALES PENDIENTES DE REVISION                                                                      ,10024,575,254016,4463262,254016,4463262,-55336,401659,-55341,401654,607.1,606.0,3981,22,23,253907,4463055,,TAJO
