gauge_id,adjust_Normal_Flood,b_Xinanjiang,CalChanMan1,CalChanMan2,GwLoss,GwPercValue,LakeMultiplier,LowerZoneTimeConstant,LZThreshold,PowerPrefFlow,QSplitMult,ReservoirRnormqMult,SnowMeltCoef,UpperZoneTimeConstant
1080,0.7905539870262146,4.110951900482178,1.892289161682129,2.4490842819213867,0.04230955243110657,0.6178084015846252,1.0130537748336792,7905.98974609375,10.947709083557129,0.5957210659980774,4.982800006866455,0.9937888383865356,4.28489351272583,8.66089916229248
1103,0.8043345808982849,0.4512537717819214,1.6217455863952637,2.780707597732544,0.6200780272483826,0.990825891494751,1.0176573991775513,3956.69287109375,14.061962127685547,2.916363000869751,17.09828758239746,0.9847341775894165,3.133821725845337,14.402970314025879
1105,0.8000001311302185,1.1211695671081543,1.3361001014709473,2.8323957920074463,0.8094241619110107,0.22820234298706055,1.0,5158.32275390625,20.962507247924805,2.058224678039551,1.9789026975631714,1.0,3.508075714111328,3.32707142829895
1106,0.798369288444519,4.169017314910889,1.9123942852020264,2.4036941528320312,0.042578645050525665,0.6269426345825195,1.002253532409668,7932.4111328125,10.955437660217285,0.5502250790596008,4.94045352935791,0.9989277720451355,4.285838603973389,8.77527904510498
1109,0.800000011920929,0.35630130767822266,1.9082753658294678,4.595753192901611,0.454901784658432,0.12045121937990189,1.0,4591.1357421875,20.620166778564453,3.9931249618530273,1.470607876777649,1.0,3.033303737640381,5.7416534423828125
1163,0.8000000715255737,0.40881574153900146,1.6100330352783203,2.7369699478149414,0.6102361083030701,0.9876930117607117,1.0,3926.138427734375,14.238418579101562,2.9496073722839355,17.125186920166016,1.0,3.088644027709961,14.540353775024414
1265,0.8051058053970337,4.968435287475586,0.8624410033226013,4.1351094245910645,0.012063146568834782,0.0429716482758522,0.9949966669082642,631.8299560546875,18.651079177856445,0.6402755975723267,2.9972901344299316,1.0200673341751099,4.802559852600098,4.498944282531738
1268,0.8023369312286377,4.985552787780762,0.8673455119132996,4.148038387298584,0.005521209444850683,0.025090867653489113,0.9977099895477295,592.553955078125,18.4926815032959,0.5642030835151672,2.9197728633880615,1.009184718132019,4.839122772216797,4.034694194793701
1295,0.8009846210479736,1.7709603309631348,0.5379111766815186,4.990652561187744,0.16497978568077087,0.015514039434492588,0.9994748830795288,8404.5068359375,6.174285888671875,2.770026445388794,2.5245041847229004,1.0034244060516357,5.217465877532959,5.717774868011475
1302,0.8000000715255737,1.7679085731506348,0.5413025617599487,4.998981475830078,0.1658417284488678,0.016386423259973526,1.0,8394.7255859375,6.185741901397705,2.7414159774780273,2.548537254333496,1.0,5.240634918212891,5.566598415374756
1343,0.8000000715255737,4.300418853759766,1.0435899496078491,4.901699542999268,0.32224395871162415,0.626289963722229,1.0,40.0,25.284900665283203,0.5082180500030518,7.058730602264404,1.0,5.952519416809082,3.760549783706665
1353,0.8006986379623413,4.255370616912842,1.0357030630111694,4.855835437774658,0.3193543553352356,0.6303898692131042,1.007153868675232,107.30279541015625,25.297014236450195,0.5497843623161316,7.026601314544678,1.009767770767212,5.915605068206787,3.809504270553589
1363,0.804130494594574,4.2486677169799805,1.0481195449829102,4.875482082366943,0.32873082160949707,0.6321068406105042,0.9948352575302124,172.66934204101562,25.133190155029297,0.5259432792663574,7.231592655181885,1.0214427709579468,5.877556800842285,3.7617712020874023
1365,0.7944144010543823,4.262425422668457,1.0430724620819092,4.883728504180908,0.3197680711746216,0.6226781010627747,1.0008186101913452,83.56962585449219,25.08836555480957,0.5232493877410889,7.137119770050049,1.0016512870788574,5.928037166595459,3.7996461391448975
1369,0.7993921041488647,4.275764465332031,1.0445992946624756,4.889591217041016,0.3231709599494934,0.6267053484916687,0.9989174008369446,87.11601257324219,25.187171936035156,0.5172656774520874,7.126582145690918,1.006003975868225,5.925938129425049,3.7725489139556885
1378,0.800000011920929,4.300419330596924,1.0435899496078491,4.901700019836426,0.32224398851394653,0.626289963722229,1.0,40.0,25.284900665283203,0.508217990398407,7.058730125427246,1.0,5.952519416809082,3.760549783706665
1395,0.8000000715255737,1.3535106182098389,1.6057381629943848,3.462820529937744,0.17916879057884216,0.032635822892189026,1.0,540.3499145507812,16.088529586791992,2.2984588146209717,5.520420074462891,1.0,3.8643720149993896,3.181687355041504
1404,0.7967944145202637,0.47631391882896423,0.8408505320549011,2.4611387252807617,0.43124592304229736,1.4491989612579346,0.9959016442298889,51.12196731567383,26.10293960571289,3.398009777069092,8.045634269714355,1.0027475357055664,3.908102035522461,5.406647205352783
1414,0.800000011920929,0.49891576170921326,0.9968762397766113,1.0275405645370483,0.008201396092772484,0.8124434351921082,1.0,98.86792755126953,10.307611465454102,3.989093780517578,2.1151764392852783,1.0,3.998079776763916,9.912793159484863
1424,0.7978941798210144,1.318726658821106,1.610387921333313,3.4645886421203613,0.179697647690773,0.02556210570037365,1.003072738647461,558.9904174804688,15.958545684814453,2.3046538829803467,5.568394660949707,1.0062603950500488,3.8507273197174072,3.1522369384765625
1427,0.796929657459259,1.3208786249160767,1.610815405845642,3.4707448482513428,0.17918139696121216,0.021936671808362007,1.0044801235198975,565.5200805664062,15.891454696655273,2.2974915504455566,5.578370094299316,1.0091279745101929,3.8565685749053955,3.152245044708252
1431,0.800000011920929,1.7413901090621948,0.5360429883003235,5.0,0.16420400142669678,0.009999998845160007,1.0,8482.2099609375,5.985750198364258,2.7648000717163086,2.501310110092163,1.0,5.233180522918701,5.585509777069092
1433,0.8000001311302185,1.7222917079925537,0.5431807637214661,4.9384613037109375,0.1616777926683426,0.022153843194246292,1.0,8353.2529296875,6.0475077629089355,2.7838032245635986,2.4935977458953857,1.0,5.214208602905273,5.653425693511963
1438,0.800000011920929,1.7413901090621948,0.5360429286956787,5.0,0.16420400142669678,0.009999998845160007,1.0,8482.2099609375,5.985750198364258,2.7648000717163086,2.501310110092163,1.0,5.233180522918701,5.585509300231934
1441,0.800000011920929,1.7073792219161987,0.5487541556358337,4.890410900115967,0.159705251455307,0.031643833965063095,1.0,8252.560546875,6.095729827880859,2.7986412048339844,2.4875755310058594,1.0,5.199394226074219,5.706454753875732
1443,0.7999999523162842,0.5116066932678223,0.996859610080719,1.0763078927993774,0.007369142957031727,0.7937184572219849,1.0,144.26046752929688,9.93354606628418,3.937741279602051,2.2249763011932373,1.0,4.039961338043213,9.896585464477539
1446,0.7999999523162842,0.9618223309516907,0.8750429749488831,4.036248683929443,0.29321426153182983,0.5500615835189819,1.0,1861.1009521484375,7.355855941772461,1.5227640867233276,10.951684951782227,1.0,5.590043544769287,5.885181427001953
1464,0.7920770049095154,1.3404728174209595,1.587550163269043,3.5144412517547607,0.1764926165342331,0.011325540952384472,1.0048718452453613,800.3615112304688,15.635615348815918,2.3176348209381104,5.413033962249756,0.9985061287879944,3.880669355392456,3.194828748703003
1485,0.8000001311302185,1.3178613185882568,1.6142010688781738,3.437671661376953,0.17482011020183563,0.020592059940099716,1.0,547.2669067382812,15.877346992492676,2.3230552673339844,5.4659423828125,1.0,3.8389456272125244,3.198204755783081
1512,0.8000001311302185,1.3275400400161743,1.6214697360992432,3.466520071029663,0.17688900232315063,0.011368298903107643,1.0,552.5599975585938,15.946901321411133,2.3032097816467285,5.506959438323975,1.0,3.8370399475097656,3.1177101135253906
1520,0.8000000715255737,1.3297367095947266,1.60829758644104,3.48366117477417,0.17737208306789398,0.013719971291720867,1.0,630.3333129882812,15.817800521850586,2.3032329082489014,5.506648063659668,1.0,3.857912063598633,3.151378631591797
1522,0.8000000715255737,1.3275399208068848,1.6214697360992432,3.466520071029663,0.17688900232315063,0.011368298903107643,1.0,552.5599365234375,15.94690227508545,2.3032097816467285,5.506959915161133,1.0,3.8370399475097656,3.1177101135253906
1540,0.8000000715255737,1.726062297821045,0.5762439370155334,4.943204402923584,0.1646738201379776,0.010050677694380283,1.0,8188.51953125,6.354681968688965,2.747703790664673,2.612630605697632,1.0,5.18147087097168,5.494110107421875
1542,0.8000000715255737,1.7413901090621948,0.5360429883003235,5.0,0.16420400142669678,0.009999998845160007,1.0,8482.2099609375,5.985750198364258,2.7648000717163086,2.501310110092163,1.0,5.233180522918701,5.585509777069092
1544,0.8000000715255737,1.7413899898529053,0.5360429883003235,5.0,0.16420401632785797,0.009999998845160007,1.0,8482.2099609375,5.985750675201416,2.7647998332977295,2.501310110092163,1.0,5.233180046081543,5.585509777069092
1546,0.8000684976577759,1.7632215023040771,0.5368025898933411,4.985116958618164,0.16624204814434052,0.021017810329794884,0.9978938102722168,8416.255859375,6.097455978393555,2.7486507892608643,2.5278871059417725,0.9967496991157532,5.240314483642578,5.706723213195801
1552,0.8007883429527283,1.7521326541900635,0.5430337190628052,4.982296943664551,0.1638878583908081,0.010125517845153809,0.9978579878807068,8421.0390625,6.0556254386901855,2.752187728881836,2.516084909439087,1.0003706216812134,5.226959228515625,5.581805229187012
1578,0.801064133644104,1.3479504585266113,1.6056079864501953,3.471069812774658,0.17643746733665466,0.01377075631171465,0.9971082806587219,651.8389892578125,15.851544380187988,2.297858953475952,5.476050853729248,1.0005003213882446,3.8686165809631348,3.1818721294403076
1585,0.800000011920929,1.0312600135803223,0.8298770189285278,3.417919874191284,0.21098800003528595,0.3727540075778961,1.0,5861.31005859375,15.480400085449219,2.786520004272461,6.387020111083984,1.0,6.0445098876953125,6.780400276184082
1605,0.5108624696731567,1.009361982345581,0.8737865090370178,4.180898666381836,0.31341680884361267,0.5352911949157715,1.4221376180648804,2001.253662109375,7.340177059173584,1.4119987487792969,11.303394317626953,1.864488124847412,5.658815860748291,5.643789768218994
1619,0.6426825523376465,3.4886462688446045,1.0032285451889038,4.1519927978515625,0.07690562307834625,0.4171437621116638,1.6238369941711426,8554.3447265625,11.891098022460938,1.394144892692566,4.189720153808594,1.3620636463165283,5.283677101135254,3.676361083984375
1620,0.1894906610250473,1.4309008121490479,1.5667438507080078,3.516958475112915,0.17822811007499695,0.022572239860892296,1.7847532033920288,863.8848266601562,15.443456649780273,2.255402088165283,5.320985317230225,0.9646788239479065,3.9261326789855957,3.453720808029175
1622,0.6067530512809753,2.041828155517578,0.9334941506385803,3.5070714950561523,0.3439812660217285,0.586730420589447,1.4601309299468994,5298.63330078125,10.981123924255371,2.5078928470611572,6.56486177444458,1.6200416088104248,5.159992218017578,4.4021220207214355
1624,0.23037783801555634,1.8347012996673584,1.475200891494751,4.795940399169922,0.20461922883987427,0.39821404218673706,1.4499591588974,4424.23779296875,13.29571533203125,1.7012110948562622,2.7610421180725098,1.053859829902649,4.558694362640381,8.092223167419434
1638,0.966985821723938,4.423058032989502,0.9524540305137634,2.753636360168457,0.08478749543428421,0.03524872660636902,0.5462206602096558,3300.404541015625,11.019007682800293,0.5456526875495911,2.6835074424743652,1.0785105228424072,5.284631729125977,7.221070289611816
1647,0.7889503836631775,0.6475114226341248,0.9955942034721375,1.090033769607544,0.0023988939356058836,0.7806938290596008,1.0027676820755005,173.12806701660156,9.936347961425781,3.877192974090576,2.042701005935669,1.0040674209594727,4.033248424530029,9.972249984741211
1659,0.39075589179992676,1.0223315954208374,1.1722441911697388,3.187629461288452,0.20663069188594818,0.2982570230960846,0.9962045550346375,4239.35888671875,18.017620086669922,2.628801107406616,6.998861789703369,1.0587685108184814,5.74749231338501,8.57390308380127
1715,0.849138081073761,4.989870548248291,0.6980350017547607,4.117959976196289,0.006576079875230789,0.08143720030784607,1.5031499862670898,4773.6298828125,25.118499755859375,0.5179809927940369,3.7533600330352783,1.687000036239624,5.410470008850098,5.586180210113525
1721,0.32462024688720703,4.707179069519043,1.3345990180969238,3.966200828552246,0.025143591687083244,0.17493854463100433,0.954965353012085,4453.33203125,11.364262580871582,0.5144750475883484,3.3288323879241943,1.5066038370132446,5.352072238922119,6.21649694442749
1723,0.4081180691719055,4.525713920593262,1.590486764907837,2.720498561859131,0.021694635972380638,0.21530969440937042,0.533423662185669,1571.0953369140625,2.7009758949279785,0.5336320400238037,1.1586583852767944,1.3411678075790405,5.105607509613037,8.667167663574219
1725,0.27162232995033264,4.920464992523193,1.514089822769165,2.8195250034332275,0.0006341825937852263,0.09404442459344864,0.5174482464790344,189.1613006591797,3.486340045928955,0.5027536153793335,8.154552459716797,1.99173903465271,4.123818397521973,5.964322090148926
1726,0.27890241146087646,4.895995616912842,1.5074743032455444,2.7857275009155273,0.002770273946225643,0.10316862165927887,0.5134056210517883,119.88058471679688,3.5711138248443604,0.5198207497596741,8.152497291564941,1.9881747961044312,4.110431671142578,5.997669219970703
1728,0.667868435382843,4.907597064971924,0.9362772703170776,3.895745277404785,0.012700890190899372,0.103651262819767,1.259209394454956,4045.572509765625,19.440673828125,0.5239951014518738,4.34105920791626,1.6964861154556274,5.206892490386963,5.7463908195495605
1729,0.8385775089263916,4.98785924911499,0.7007241249084473,4.0715107917785645,0.006564714480191469,0.08975117653608322,1.4808577299118042,4716.091796875,24.883403778076172,0.5175814032554626,3.7441766262054443,1.6863800287246704,5.3962321281433105,5.640625476837158
1734,0.8493292927742004,4.9785051345825195,0.703159749507904,4.101304054260254,0.013854852877557278,0.09793458133935928,1.5070403814315796,4793.53759765625,24.89015007019043,0.5808458924293518,3.7784457206726074,1.6763333082199097,5.403080463409424,5.688380241394043
1753,0.3853239417076111,4.871175289154053,0.82261061668396,2.1090054512023926,0.007563873194158077,0.44507667422294617,0.53447425365448,2271.93994140625,14.630020141601562,0.5093305110931396,3.3792452812194824,1.6491144895553589,4.786465167999268,7.959255218505859
1765,0.8974814414978027,1.9282011985778809,1.4597245454788208,4.688382148742676,0.2056763619184494,0.4736032783985138,1.8181051015853882,6721.25439453125,4.381985664367676,1.5319056510925293,5.816054344177246,1.3403191566467285,4.7409844398498535,6.183036804199219
1823,0.3940746486186981,4.504273414611816,1.1760413646697998,3.360189199447632,0.08758468925952911,0.8277288675308228,1.2601733207702637,5973.6787109375,7.594052314758301,0.6955476999282837,7.3574395179748535,1.5134845972061157,4.916056156158447,4.951437473297119
1824,0.1267663538455963,3.5674357414245605,0.8781678080558777,3.8427326679229736,0.042675986886024475,0.18962758779525757,0.783390462398529,1694.1356201171875,8.079320907592773,0.94805908203125,3.2896580696105957,1.2279040813446045,4.982264995574951,11.00214958190918
1829,0.3925888240337372,1.0252037048339844,0.8581147193908691,3.393954038619995,0.214582160115242,0.37038925290107727,0.8617633581161499,5730.16943359375,15.559779167175293,2.839354991912842,6.3531494140625,0.7384748458862305,5.989060878753662,7.040329456329346
2000,0.9021018743515015,1.0434144735336304,1.9600067138671875,2.068514823913574,0.011987315490841866,0.5769902467727661,0.8876072764396667,3190.046142578125,22.06868553161621,2.41251277923584,10.878530502319336,1.3698809146881104,4.115150451660156,10.495588302612305
2005,0.42106905579566956,0.639561116695404,0.6755911111831665,4.585726261138916,0.13204114139080048,0.20806419849395752,0.9305853247642517,3687.69384765625,19.84583854675293,4.547491073608398,4.1464924812316895,1.1622538566589355,3.454071044921875,18.077478408813477
2012,0.5777629613876343,0.020923396572470665,0.9041983485221863,1.3725661039352417,0.8129618167877197,1.9436520338058472,1.456555724143982,5236.1025390625,15.201037406921387,6.002136707305908,17.227569580078125,0.4524056315422058,4.727609634399414,39.33292007446289
2013,0.429090291261673,0.5636581182479858,0.9867096543312073,4.172217845916748,0.18675623834133148,0.23296183347702026,1.0351977348327637,4006.96826171875,19.0565242767334,4.261615753173828,6.2705793380737305,1.1964645385742188,3.631422519683838,15.226597785949707
2015,0.4003836214542389,0.37795522809028625,1.3085583448410034,3.8876025676727295,0.3507426083087921,0.3799353539943695,1.1843916177749634,4649.5712890625,20.313613891601562,4.783544063568115,8.796440124511719,0.9549854397773743,3.897791862487793,16.589723587036133
2016,0.5859246850013733,0.33906784653663635,1.9622645378112793,3.8129260540008545,0.9343793392181396,0.3332022428512573,1.2444452047348022,1204.7430419921875,22.812803268432617,3.5135765075683594,1.8589540719985962,0.9884077310562134,6.1292643547058105,10.7902193069458
2017,0.4573554992675781,0.6346807479858398,0.8274196982383728,4.1812005043029785,0.14502696692943573,0.23811504244804382,0.9775181412696838,3627.42724609375,18.246685028076172,4.030727863311768,5.274131774902344,1.2904843091964722,3.603644609451294,15.541485786437988
2025,0.8159107565879822,0.30458343029022217,1.5574806928634644,4.819604396820068,0.248678520321846,0.14173248410224915,1.1054308414459229,2532.363037109375,18.472135543823242,2.8620331287384033,1.5547118186950684,1.0994876623153687,6.368417739868164,22.866657257080078
2026,0.6980603337287903,0.07301272451877594,1.3100876808166504,3.6551077365875244,0.7459529042243958,0.648536741733551,1.6711452007293701,2508.955078125,25.318349838256836,2.8111088275909424,0.4783109724521637,1.2644832134246826,5.091786861419678,6.304134845733643
2028,0.4556392431259155,3.276043653488159,1.0168676376342773,3.042900800704956,0.31348326802253723,0.29095250368118286,1.4786614179611206,6840.515625,6.2519001960754395,1.1391593217849731,11.545536041259766,0.8681281805038452,5.525191783905029,13.669358253479004
2029,0.710936427116394,0.8745244145393372,1.413045048713684,3.56434965133667,0.745987594127655,0.8035369515419006,1.5333422422409058,3727.60302734375,19.89068603515625,2.652111530303955,3.1484570503234863,1.4169503450393677,5.183728218078613,5.933713436126709
2030,0.4573056995868683,3.272624969482422,1.0188453197479248,3.0473828315734863,0.3145238161087036,0.29244911670684814,1.4795864820480347,6849.5869140625,6.26682186126709,1.1297008991241455,11.513240814208984,0.8703427314758301,5.533606052398682,13.626959800720215
2031,0.5368712544441223,2.5391268730163574,1.1321287155151367,3.653451442718506,0.3259795606136322,0.41526493430137634,1.4747791290283203,6824.85302734375,10.695837020874023,1.115939974784851,6.592494487762451,1.2261290550231934,5.745838642120361,9.119430541992188
2036,0.5773714184761047,1.617737054824829,1.1793409585952759,3.784489631652832,0.3248501718044281,0.27437394857406616,1.2888504266738892,6438.845703125,10.689927101135254,1.5099635124206543,5.122544765472412,1.4277491569519043,5.601607799530029,10.554367065429688
2041,0.2268836498260498,1.4203226566314697,1.445019006729126,4.212084770202637,0.5027509927749634,0.7570719122886658,1.7567304372787476,3597.9423828125,17.585121154785156,2.073087453842163,1.177168369293213,1.5023038387298584,3.898576498031616,4.2361040115356445
2043,0.6253631114959717,1.2091246843338013,1.3338686227798462,3.888744354248047,0.44659972190856934,0.4845227599143982,1.366250991821289,4571.14794921875,15.923336029052734,2.1262404918670654,3.506246328353882,1.3744285106658936,5.341777324676514,10.870389938354492
2046,0.5784429311752319,0.31720051169395447,1.9903433322906494,3.8590922355651855,0.9426008462905884,0.3019752502441406,1.2426738739013672,1048.7596435546875,23.40575408935547,3.4809200763702393,1.3606338500976562,0.9805707931518555,6.136825084686279,10.313329696655273
2047,0.5909029245376587,0.34764325618743896,1.976556658744812,3.894193172454834,0.9198331832885742,0.2938763499259949,1.2447384595870972,1168.383056640625,22.96687126159668,3.4283995628356934,1.2915444374084473,0.9573123455047607,6.141753196716309,11.076298713684082
2048,0.5998666882514954,0.40196821093559265,1.9296749830245972,3.856126308441162,0.8718118667602539,0.2954848110675812,1.237147331237793,1288.3792724609375,23.31702995300293,3.2822582721710205,2.464580774307251,1.0283674001693726,6.120448589324951,10.203652381896973
2049,0.8163139820098877,0.3051075041294098,1.5562490224838257,4.821930885314941,0.24673281610012054,0.14143873751163483,1.10529363155365,2540.01220703125,18.458507537841797,2.860582113265991,1.559718370437622,1.0998347997665405,6.367902755737305,22.89284324645996
2050,0.7970326542854309,1.2898526191711426,1.3439087867736816,3.7930374145507812,0.1801716834306717,0.22152230143547058,1.1931122541427612,3567.110107421875,22.99911880493164,1.2842507362365723,13.573659896850586,1.510945200920105,5.894881248474121,8.557462692260742
2053,0.6172202825546265,0.4757269322872162,1.8786170482635498,3.8490824699401855,0.8122091293334961,0.2904583513736725,1.2328225374221802,1487.5146484375,23.285964965820312,3.1134166717529297,3.430530309677124,1.071179747581482,6.102629661560059,10.053160667419434
2054,0.5447449684143066,0.6925280690193176,1.476047396659851,3.915583848953247,0.5130071640014648,0.39555779099464417,1.2659785747528076,3748.28759765625,19.200408935546875,3.3633954524993896,4.866086006164551,1.1343001127243042,5.0573883056640625,13.138839721679688
2055,0.5918563604354858,0.33565419912338257,1.979150652885437,3.8410887718200684,0.9255186319351196,0.31684190034866333,1.2461717128753662,1211.1513671875,23.066200256347656,3.491652011871338,1.3850377798080444,0.9658286571502686,6.120565414428711,11.04147720336914
2056,0.5877277851104736,0.3553544878959656,1.9582264423370361,3.861945152282715,0.9064810276031494,0.3013482987880707,1.2407629489898682,1164.5240478515625,23.33086585998535,3.3768179416656494,1.9145548343658447,1.0053907632827759,6.132331371307373,10.229500770568848
2057,0.5781689882278442,0.30301496386528015,1.9907301664352417,3.8638193607330322,0.9456239938735962,0.3027440011501312,1.2402000427246094,1033.1400146484375,23.38909912109375,3.4913995265960693,1.326430082321167,0.9826650023460388,6.149630546569824,10.2524995803833
2060,0.4397510588169098,1.7101801633834839,1.563068151473999,3.2602293491363525,0.5839849710464478,0.4673786163330078,1.3686513900756836,6719.154296875,13.967309951782227,1.8880622386932373,7.510086536407471,1.52829909324646,4.171144962310791,4.680864334106445
2061,0.5370996594429016,1.7130372524261475,1.5089000463485718,3.367068290710449,0.5869108438491821,0.5224077701568604,1.2400436401367188,6593.099609375,15.07895565032959,1.674582600593567,8.9725980758667,1.6319365501403809,3.845412015914917,4.284076690673828
2062,0.49974948167800903,0.6329572200775146,1.5042736530303955,3.991790771484375,0.5397191643714905,0.45817774534225464,1.3169105052947998,3364.794677734375,18.985557556152344,3.2027971744537354,4.416085243225098,1.1027911901474,5.17413854598999,12.599331855773926
2074,0.5499053001403809,1.2538366317749023,1.1355706453323364,4.0392255783081055,0.2549349069595337,0.4952077865600586,1.0929243564605713,5244.8916015625,10.799781799316406,2.2729203701019287,4.9058003425598145,0.8681792616844177,4.8417067527771,12.213733673095703
2081,0.6841241717338562,4.922876358032227,1.1800520420074463,2.985332489013672,0.060498178005218506,0.058121804147958755,0.8569313883781433,3717.048828125,6.037124156951904,0.5490341782569885,14.8054838180542,1.1459509134292603,5.145740032196045,11.051199913024902
2082,0.86782306432724,3.7411186695098877,1.2587426900863647,2.3041112422943115,0.7999090552330017,1.8754603862762451,1.9258068799972534,6945.56591796875,0.25480520725250244,7.355459213256836,6.489426612854004,0.5268820524215698,4.603632926940918,16.688833236694336
2089,0.8648803234100342,3.742870330810547,1.2549642324447632,2.327029228210449,0.7907275557518005,1.8495516777038574,1.9191783666610718,6923.021484375,0.5738856196403503,7.258206844329834,6.4602203369140625,0.5434532761573792,4.61103630065918,16.514436721801758
2095,0.5977210402488708,2.126617908477783,1.2721284627914429,3.3809938430786133,0.4630059003829956,0.85943204164505,1.3736752271652222,6195.5751953125,8.92480754852295,3.4618051052093506,5.9975152015686035,0.9390996694564819,4.62992000579834,11.523441314697266
2098,0.1895042210817337,1.1770048141479492,1.3113696575164795,4.368857383728027,0.5836473703384399,0.016986753791570663,0.5129169821739197,7993.875,18.693727493286133,1.9979740381240845,17.12559700012207,0.2634603977203369,2.550086736679077,5.295462131500244
2101,0.9283109903335571,1.0551400184631348,2.0,2.006190299987793,0.00022001599427312613,0.6024970412254333,0.8683769106864929,3132.10009765625,22.817302703857422,2.425179958343506,11.135200500488281,1.3435800075531006,4.075799942016602,10.65169906616211
2104,0.5454472303390503,0.1967220902442932,0.9890586137771606,3.6749253273010254,0.017831018194556236,0.4277084767818451,1.1866501569747925,5405.4345703125,2.04213547706604,1.344236969947815,1.4410269260406494,0.586286187171936,6.0454583168029785,14.81688404083252
2105,0.1767323911190033,0.23598267138004303,1.693457841873169,4.533853530883789,0.7195813059806824,0.9060909152030945,1.6859569549560547,734.0771484375,17.297725677490234,2.0320076942443848,1.1359272003173828,0.8946390151977539,5.943253040313721,8.501018524169922
2113,0.8638598322868347,3.7395901679992676,1.2621194124221802,2.3030436038970947,0.7963323593139648,1.8792951107025146,1.9179080724716187,7000.7109375,0.1902545988559723,7.339469909667969,6.4938859939575195,0.5262984037399292,4.598540782928467,16.710420608520508
2114,0.5800573229789734,0.3192485272884369,1.988568663597107,3.8644120693206787,0.9400047063827515,0.30100876092910767,1.242600679397583,1062.4365234375,23.345199584960938,3.4754233360290527,1.3466696739196777,0.9777793288230896,6.139274597167969,10.406004905700684
2115,0.27383625507354736,1.3292349576950073,1.3629915714263916,4.501229286193848,0.5697256922721863,0.09898516535758972,0.6582221388816833,7437.68359375,18.57729148864746,1.936552882194519,13.822383880615234,0.42158928513526917,3.108872652053833,5.009357929229736
2116,0.49672839045524597,1.1067626476287842,1.0368099212646484,3.382704257965088,0.36602991819381714,0.1558944433927536,1.1396623849868774,8092.59375,6.36501932144165,1.3097295761108398,5.209201335906982,1.8747422695159912,4.972620010375977,5.7047247886657715
2121,0.4683469235897064,0.5911722183227539,1.5237698554992676,4.0453715324401855,0.5582885146141052,0.5026038289070129,1.3526326417922974,3097.040283203125,18.827770233154297,3.090061664581299,4.0986328125,1.0806219577789307,5.255542278289795,12.222319602966309
2125,0.49107643961906433,1.103453278541565,1.0191633701324463,3.355741500854492,0.3648795187473297,0.16212067008018494,1.143171787261963,8083.966796875,6.457746982574463,1.3110153675079346,5.480170726776123,1.874932885169983,4.955405235290527,5.634209632873535
2126,0.17509788274765015,0.19958770275115967,1.7018941640853882,4.544358253479004,0.727455198764801,0.9112207293510437,1.6845883131027222,639.9713134765625,17.32284164428711,2.032743453979492,1.1335915327072144,0.8768565058708191,6.005028247833252,8.619573593139648
2131,0.7002507448196411,0.8608258962631226,1.871847152709961,2.782602071762085,0.9717103242874146,1.4130066633224487,1.2173749208450317,5253.84521484375,13.146267890930176,3.292851448059082,8.957087516784668,1.653201699256897,5.24860143661499,5.264313697814941
2132,0.3922233581542969,0.3816128075122833,1.277051329612732,3.8878910541534424,0.3238969147205353,0.3837222456932068,1.181744933128357,4812.56591796875,20.17286491394043,4.842261791229248,9.134754180908203,0.9539419412612915,3.7947232723236084,16.874250411987305
2138,0.32940247654914856,1.6192448139190674,1.6265891790390015,3.204941987991333,0.5705395340919495,0.35077229142189026,1.464029312133789,6824.31103515625,13.567434310913086,1.836289405822754,6.179111480712891,1.4770939350128174,4.458767414093018,4.505092620849609
2139,0.4917990267276764,1.123740553855896,1.0290251970291138,3.3674046993255615,0.36385613679885864,0.1452151983976364,1.1370086669921875,8219.0341796875,6.044486999511719,1.2668379545211792,5.2664289474487305,1.8953889608383179,4.951274394989014,5.520725250244141
2141,0.4561825692653656,3.2726073265075684,1.0201804637908936,3.0348963737487793,0.31500163674354553,0.2898155748844147,1.4790973663330078,6872.29736328125,6.156811714172363,1.1175107955932617,11.530461311340332,0.8766413927078247,5.535089492797852,13.559185028076172
2143,0.5426151156425476,0.14971835911273956,0.9853394031524658,3.6573779582977295,0.007919433526694775,0.42218807339668274,1.1878398656845093,5445.8291015625,1.637939453125,1.3030015230178833,1.3985363245010376,0.5737493634223938,6.080956935882568,14.795356750488281
2144,0.1322597712278366,4.941927433013916,1.361032247543335,3.2866766452789307,6.533243868034333e-05,0.6091697216033936,1.2099964618682861,9405.8798828125,19.53622817993164,0.5060349702835083,9.320701599121094,0.9992424845695496,5.12166690826416,6.2726664543151855
2145,0.5524918437004089,2.2455108165740967,1.483436107635498,3.005375862121582,0.6418194770812988,0.8409956693649292,1.5167829990386963,6781.646484375,10.31502914428711,3.3403031826019287,7.23746919631958,1.2621455192565918,4.285871505737305,7.866189956665039
2147,0.20555320382118225,0.2495429962873459,0.9932224154472351,2.9966964721679688,0.061399128288030624,0.2410522699356079,1.0884485244750977,4708.4990234375,4.378851413726807,2.1131253242492676,15.325458526611328,1.1747925281524658,3.349050760269165,7.908875465393066
2150,0.5577360391616821,1.8564151525497437,1.548279881477356,4.987261772155762,0.519317090511322,0.37296536564826965,1.1710435152053833,5493.49462890625,18.1702823638916,1.7316949367523193,2.0899620056152344,0.9492751955986023,5.102034091949463,4.020296096801758
2156,0.3331654667854309,1.643648624420166,1.6198662519454956,3.211552143096924,0.5664564371109009,0.3488222360610962,1.4643126726150513,6809.46337890625,13.651066780090332,1.8267444372177124,6.161548614501953,1.4786138534545898,4.465657711029053,4.512919902801514
2163,0.5015984773635864,0.6350005865097046,1.0216829776763916,3.6805739402770996,0.16223497688770294,0.2746257185935974,1.0380895137786865,3575.025390625,16.296062469482422,3.3962461948394775,6.712833881378174,1.4430570602416992,3.7930662631988525,12.409477233886719
2711,0.5495014190673828,1.9603264331817627,1.2305821180343628,4.3275957107543945,0.4100252091884613,0.5174100399017334,1.008469820022583,5075.51953125,17.247764587402344,2.841935634613037,7.314430236816406,1.0773881673812866,3.989241600036621,10.450889587402344
2712,0.3043074607849121,4.230836391448975,1.3000279664993286,1.3764619827270508,0.06333254277706146,0.017179766669869423,1.5282913446426392,1823.19775390625,4.4825849533081055,0.5532922148704529,9.197044372558594,0.7244650721549988,5.742624759674072,35.85587692260742
2713,0.35136741399765015,1.6940557956695557,1.6166788339614868,3.1523518562316895,0.5868757963180542,0.428443968296051,1.486480951309204,6848.5205078125,12.807504653930664,2.12050199508667,6.215988636016846,1.4283140897750854,4.457462787628174,5.0970330238342285
2714,0.5815562009811401,0.3187605142593384,1.9782980680465698,3.841593027114868,0.9407130479812622,0.3160461485385895,1.2420539855957031,1108.0849609375,23.13741111755371,3.5010852813720703,1.5590018033981323,0.9851730465888977,6.140735626220703,10.48734188079834
2716,0.8701730370521545,3.739719867706299,1.2617599964141846,2.2858102321624756,0.8072410821914673,1.8961498737335205,1.9311001300811768,6963.56982421875,0.0,7.433120250701904,6.512750148773193,0.5136489868164062,4.597720146179199,16.828100204467773
2717,0.8701729774475098,3.739719867706299,1.261759877204895,2.2858102321624756,0.8072410225868225,1.89614999294281,1.9310998916625977,6963.5693359375,0.0,7.433120250701904,6.512749671936035,0.5136489868164062,4.597720623016357,16.828100204467773
2818,0.8238086700439453,0.6243982315063477,0.7079023718833923,3.275177478790283,0.21586687862873077,0.7932606935501099,0.5205256342887878,48.0567512512207,14.752036094665527,3.7098405361175537,11.083075523376465,1.1776762008666992,3.5070722103118896,5.552145004272461
3001,0.1079121008515358,0.05891881138086319,1.4222596883773804,2.517624616622925,0.11187727004289627,0.5451327562332153,1.5271432399749756,203.1997833251953,4.111554145812988,1.3068052530288696,10.716179847717285,1.121976613998413,5.0057291984558105,15.842072486877441
3005,0.10305623710155487,0.024120047688484192,1.4266512393951416,2.4910004138946533,0.11178266257047653,0.5557616949081421,1.5305618047714233,113.55276489257812,4.088176250457764,1.3376426696777344,10.64481258392334,1.1207460165023804,5.012864589691162,16.000652313232422
3012,0.7253658771514893,0.5420054793357849,1.7217048406600952,1.5853856801986694,0.6791543960571289,1.066371202468872,1.3648486137390137,3670.847900390625,15.653103828430176,4.930426120758057,8.334630012512207,1.1529875993728638,4.802964687347412,15.133944511413574
3014,0.7140612006187439,0.623443603515625,1.6758522987365723,1.7143259048461914,0.6236478686332703,0.9626674652099609,1.3616411685943604,3371.514404296875,14.08346939086914,4.611429214477539,8.584122657775879,1.1417251825332642,4.820432186126709,14.645272254943848
3030,0.10350751131772995,0.026599593460559845,1.42055344581604,2.4775640964508057,0.11102250963449478,0.5585670471191406,1.5230815410614014,121.77218627929688,4.082221508026123,1.3557435274124146,10.699155807495117,1.1231127977371216,5.0092363357543945,16.00147247314453
3040,0.9697040319442749,2.1047353744506836,1.2098807096481323,2.5692293643951416,0.7457797527313232,0.9531177282333374,1.900217890739441,5164.138671875,15.780240058898926,5.38825798034668,5.733773708343506,1.584858775138855,4.912754535675049,12.641619682312012
3045,0.9900000095367432,2.153449773788452,1.2048100233078003,2.570780038833618,0.760670006275177,0.9624959230422974,1.9086898565292358,5283.2099609375,16.055498123168945,5.483540058135986,5.620039939880371,1.5957398414611816,4.910299777984619,12.562700271606445
3048,0.4638570547103882,0.5576223134994507,1.5761924982070923,3.481295347213745,0.9414306879043579,0.6587576866149902,1.2100839614868164,1847.15869140625,1.4957151412963867,3.023371934890747,6.753269672393799,0.5687130689620972,5.060361862182617,7.399196624755859
3049,0.4539872705936432,0.6019390821456909,1.5460141897201538,3.5993332862854004,0.9234325289726257,0.5987634658813477,1.1981900930404663,1685.244384765625,0.24003560841083527,2.813338279724121,6.974093437194824,0.5417923927307129,5.087156295776367,7.125122547149658
3051,0.649746835231781,1.305528163909912,1.5571458339691162,3.635211229324341,0.7599775791168213,0.47480127215385437,1.2170854806900024,3268.62841796875,0.44241389632225037,2.5639278888702393,9.439411163330078,1.0129903554916382,5.597684860229492,7.892065525054932
3052,0.7767012119293213,0.8129676580429077,1.7059788703918457,1.8966962099075317,0.38959580659866333,0.24596092104911804,0.9994863271713257,1508.833984375,5.005661487579346,3.109644651412964,10.864089012145996,0.8892662525177002,4.869927883148193,10.023761749267578
3062,0.8944380283355713,0.5368126630783081,1.8156306743621826,0.6183311939239502,0.09459242224693298,0.059927113354206085,0.8405551314353943,398.3829040527344,8.364906311035156,3.47621750831604,12.239766120910645,0.8546494841575623,4.3953986167907715,11.70984935760498
3100,0.7909839153289795,0.10364799201488495,1.9750789403915405,0.9412491321563721,0.9815977215766907,1.6160808801651,1.382183313369751,5313.673828125,24.508832931518555,6.626954555511475,6.833578109741211,1.2138772010803223,4.743180751800537,17.871936798095703
3103,0.7923977971076965,0.08690550178289413,1.9818118810653687,0.8781684041023254,0.9914742112159729,1.6450403928756714,1.3851975202560425,5369.095703125,24.569475173950195,6.717880725860596,6.841286659240723,1.2161328792572021,4.716788291931152,17.97669792175293
3144,0.901437520980835,4.65757417678833,1.532761573791504,3.2087087631225586,0.45303890109062195,0.5312601327896118,0.7638956308364868,4234.3427734375,9.746271133422852,0.7185262441635132,4.029904842376709,0.9590657949447632,5.979712963104248,15.61801815032959
3146,0.9104157090187073,4.676804542541504,1.5439140796661377,3.2010338306427,0.4575437009334564,0.48569589853286743,0.7340781092643738,4011.48193359375,9.521749496459961,0.5346860885620117,4.127809524536133,0.927312970161438,6.005507469177246,15.079261779785156
3161,0.9168252944946289,4.648110389709473,1.5546146631240845,3.222734212875366,0.4616163372993469,0.4869849681854248,0.7431519627571106,4091.6689453125,9.79049015045166,0.5431030988693237,3.8812828063964844,0.9294367432594299,6.009944915771484,15.336350440979004
3163,0.6622657775878906,4.390471935272217,1.2492873668670654,3.458019495010376,0.3265324532985687,0.5602759122848511,1.1863154172897339,6264.7587890625,22.43486976623535,0.6101043224334717,2.7340352535247803,1.256492257118225,5.15915060043335,3.284452438354492
3165,0.8774991035461426,0.5323590040206909,1.8075085878372192,0.7258968353271484,0.10214413702487946,0.060289494693279266,0.8507769107818604,515.620849609375,8.620759010314941,3.5069127082824707,12.171494483947754,0.8496276140213013,4.380317211151123,11.735371589660645
3168,0.9173596501350403,4.645952224731445,1.5525891780853271,3.224691867828369,0.46638110280036926,0.49602869153022766,0.7358032464981079,4084.4619140625,9.682286262512207,0.5469702482223511,3.864777088165283,0.9385640621185303,6.028467178344727,15.25426197052002
3169,0.19598804414272308,1.9726026058197021,1.2080397605895996,4.094663619995117,0.45682376623153687,0.6157769560813904,1.8209750652313232,3578.5380859375,7.351334571838379,4.112393856048584,1.7287954092025757,0.31184637546539307,4.664041042327881,2.223339796066284
3174,0.7794734835624695,0.6581958532333374,1.7644234895706177,1.6770434379577637,0.5183303952217102,0.5438858866691589,1.0809454917907715,2324.65869140625,9.114543914794922,3.877842664718628,10.027190208435059,0.9591410160064697,4.835340976715088,11.669265747070312
3175,0.7823024392127991,0.5207679867744446,1.8153746128082275,1.478175401687622,0.6298139095306396,0.8058703541755676,1.1519672870635986,3037.86376953125,12.750727653503418,4.553903102874756,9.29863452911377,1.0208150148391724,4.802435874938965,13.13766860961914
3180,0.9068183898925781,1.470526099205017,1.6248316764831543,4.6413350105285645,0.27706190943717957,0.07319267839193344,1.3601542711257935,4538.7060546875,12.5224609375,1.8545949459075928,0.46758243441581726,0.3265032470226288,5.93133020401001,31.565044403076172
3182,0.2781154215335846,4.1033148765563965,0.8359439373016357,2.8530924320220947,0.012536059133708477,1.9313138723373413,1.9507454633712769,9734.884765625,13.149689674377441,7.329802513122559,10.317399024963379,1.7425705194473267,4.003027439117432,32.7288818359375
3184,0.916329026222229,4.655544757843018,1.55092191696167,3.2205402851104736,0.4620829224586487,0.4881673753261566,0.7365831732749939,4067.951416015625,9.659481048583984,0.5414413213729858,3.9106593132019043,0.9309366345405579,6.0221662521362305,15.23244857788086
3186,0.9873055219650269,2.1411116123199463,1.2032804489135742,2.568896532058716,0.7567614316940308,0.9595145583152771,1.90484619140625,5284.23046875,16.037391662597656,5.462793827056885,5.596198558807373,1.5930728912353516,4.914000034332275,12.593954086303711
3193,0.8887296319007874,0.5399202704429626,1.8117729425430298,0.6585723161697388,0.10466194152832031,0.062232282012701035,0.8435823321342468,387.3180847167969,8.12613296508789,3.447416067123413,12.178790092468262,0.8476454019546509,4.40772008895874,11.592055320739746
3198,0.9057691097259521,1.4220006465911865,1.6330451965332031,4.539949417114258,0.2965967655181885,0.1195291206240654,1.359036922454834,4574.52294921875,12.775598526000977,1.9998302459716797,0.6116434931755066,0.3502292037010193,5.907828330993652,31.262531280517578
3200,0.2704620063304901,4.153900146484375,0.8257469534873962,2.870190143585205,5.511450217454694e-05,1.9586000442504883,1.9699400663375854,9929.58984375,13.240899085998535,7.475869655609131,10.402899742126465,1.7672300338745117,3.9957003593444824,32.95000076293945
3211,0.9107733964920044,1.4994558095932007,1.61593759059906,4.5916337966918945,0.27073678374290466,0.0744519978761673,1.3489680290222168,4556.45703125,12.34975528717041,1.8270150423049927,0.5687509179115295,0.3299514949321747,5.914288520812988,31.206628799438477
3212,0.9102404117584229,1.4868072271347046,1.6181384325027466,4.613317012786865,0.2722526788711548,0.07365754246711731,1.35220205783844,4554.00537109375,12.371280670166016,1.8362547159194946,0.5164330005645752,0.32769036293029785,5.92498779296875,31.369413375854492
3213,0.9092519283294678,1.4633500576019287,1.6222201585769653,4.653530597686768,0.27506399154663086,0.07218419015407562,1.3581998348236084,4549.4599609375,12.411198616027832,1.8533902168273926,0.4194070100784302,0.3234969973564148,5.944829940795898,31.67129898071289
3217,0.2704620063304901,4.153900146484375,0.825747013092041,2.870189666748047,5.5114498536568135e-05,1.9586001634597778,1.969939947128296,9929.58984375,13.240899085998535,7.475869655609131,10.402900695800781,1.7672299146652222,3.9957003593444824,32.95000457763672
3218,0.2704620063304901,4.153900146484375,0.825747013092041,2.870190143585205,5.5114498536568135e-05,1.9586000442504883,1.969939947128296,9929.5908203125,13.240899085998535,7.475870132446289,10.402899742126465,1.7672300338745117,3.9957001209259033,32.95000076293945
3220,0.9101874828338623,4.605994701385498,1.5511609315872192,3.2296555042266846,0.47098615765571594,0.5103291869163513,0.7463895082473755,4088.371826171875,9.711884498596191,0.5825149416923523,3.9119560718536377,0.9455915689468384,6.008774757385254,15.247132301330566
3221,0.9110186696052551,1.5955967903137207,1.6122894287109375,4.595455169677734,0.28015342354774475,0.11432189494371414,1.358487844467163,4647.11572265625,12.49754810333252,1.945392370223999,0.7881398797035217,0.33741140365600586,5.935474872589111,31.24186897277832
3222,0.9114052057266235,1.557660698890686,1.6105870008468628,4.612831115722656,0.2769109308719635,0.11828514188528061,1.3753145933151245,4694.8076171875,12.602234840393066,2.0136795043945312,0.8292281627655029,0.3260585069656372,5.9297380447387695,31.527936935424805
3231,0.6604102849960327,4.341519832611084,1.868975281715393,2.53989315032959,0.09007786959409714,0.08670061826705933,1.9170646667480469,5461.93603515625,27.68706703186035,0.5161554217338562,10.999295234680176,0.4098554849624634,2.585148334503174,27.18648338317871
3233,0.7919930219650269,0.07125280052423477,1.9866697788238525,0.8296430706977844,1.0,1.6661299467086792,1.3863799571990967,5393.23046875,24.679302215576172,6.7835493087768555,6.891369819641113,1.2234801054000854,4.699090003967285,17.909400939941406
3234,0.9186068773269653,4.6712799072265625,1.5520000457763672,3.2179203033447266,0.4653649628162384,0.4924210011959076,0.7310780882835388,4079.370361328125,9.651180267333984,0.5346529483795166,3.856489896774292,0.9370749592781067,6.0336995124816895,15.146400451660156
3235,0.2704620063304901,4.153900146484375,0.825747013092041,2.870189905166626,5.511450217454694e-05,1.9586000442504883,1.9699400663375854,9929.58984375,13.240900039672852,7.475869178771973,10.402899742126465,1.7672300338745117,3.995699882507324,32.95000076293945
3242,0.2704620063304901,4.153900146484375,0.825747013092041,2.870189905166626,5.511449489858933e-05,1.9585999250411987,1.969939947128296,9929.5908203125,13.240899085998535,7.4758687019348145,10.402899742126465,1.7672301530838013,3.9957003593444824,32.95000076293945
3244,0.9174613952636719,4.278471946716309,1.560598611831665,3.393709421157837,0.44206276535987854,0.44096335768699646,0.8078685402870178,4136.9326171875,9.989142417907715,0.6961310505867004,3.435622453689575,0.8619431257247925,6.022817134857178,17.169858932495117
3246,0.1939106285572052,1.9434956312179565,1.2082037925720215,4.106608867645264,0.460633784532547,0.6269255876541138,1.8254128694534302,3589.9892578125,7.408965587615967,4.115394115447998,1.7703790664672852,0.32494840025901794,4.6546950340271,2.3686656951904297
3250,0.9127289056777954,4.601380348205566,1.5536984205245972,3.227134943008423,0.47339868545532227,0.5167568922042847,0.7436483502388,4096.2861328125,9.756365776062012,0.572601318359375,3.952913522720337,0.9543347954750061,6.009852886199951,15.39712142944336
3251,0.9092520475387573,1.4633500576019287,1.6222200393676758,4.653529644012451,0.27506399154663086,0.07218419760465622,1.3581998348236084,4549.46044921875,12.411199569702148,1.8533899784088135,0.4194069802761078,0.3234970271587372,5.944829940795898,31.671302795410156
3253,0.19673562049865723,2.003746509552002,1.2048838138580322,4.1010613441467285,0.4522687792778015,0.6022596955299377,1.8173103332519531,3570.20556640625,7.289575099945068,4.092187404632568,1.660793662071228,0.30425238609313965,4.673220634460449,2.0504417419433594
3255,0.8958619832992554,0.5289373397827148,1.82089364528656,0.6005257964134216,0.10654816776514053,0.08540566265583038,0.8478140234947205,468.461181640625,8.64576530456543,3.532133102416992,12.178266525268555,0.8622596263885498,4.399991989135742,11.826828956604004
3256,0.9098288416862488,1.4886119365692139,1.619104027748108,4.6426286697387695,0.2755586802959442,0.08453267067670822,1.3627842664718628,4588.39306640625,12.462369918823242,1.896324634552002,0.5291804671287537,0.3241831362247467,5.9407877922058105,31.632896423339844
3261,0.91671222448349,4.647843837738037,1.5521414279937744,3.2242555618286133,0.46191152930259705,0.4873793125152588,0.7390538454055786,4076.389404296875,9.697620391845703,0.5442219972610474,3.8882811069488525,0.9298330545425415,6.020355701446533,15.287745475769043
3268,0.0969804972410202,0.009999998845160007,1.427919864654541,2.5025599002838135,0.10549900680780411,0.5498520135879517,1.5359300374984741,44.06909942626953,3.9440701007843018,1.2911100387573242,10.624299049377441,1.1169699430465698,5.018310070037842,16.035198211669922
3269,0.8113425374031067,1.879817008972168,0.5313249230384827,1.7879599332809448,0.35703951120376587,1.6227787733078003,1.5253019332885742,6363.37060546875,8.578574180603027,3.3080837726593018,15.948506355285645,0.558326780796051,3.9498517513275146,27.349061965942383
3276,0.9186069965362549,4.6712799072265625,1.5520001649856567,3.2179198265075684,0.4653649926185608,0.4924210011959076,0.7310779690742493,4079.370361328125,9.651180267333984,0.5346529483795166,3.856489896774292,0.9370750188827515,6.033700466156006,15.146401405334473
3278,0.5585222840309143,0.1152893528342247,1.9843454360961914,0.7661401033401489,0.923041045665741,1.972137451171875,1.6452422142028809,3972.3447265625,13.567545890808105,6.909495830535889,11.460588455200195,0.3580949902534485,4.411591529846191,23.972780227661133
3279,0.9186068773269653,4.671279430389404,1.5520001649856567,3.2179200649261475,0.4653649628162384,0.4924209713935852,0.7310780882835388,4079.37060546875,9.651179313659668,0.5346530079841614,3.856489896774292,0.937075138092041,6.0336995124816895,15.146400451660156
4207,0.2302599996328354,0.01783980056643486,1.6513298749923706,1.6884901523590088,0.9139429926872253,1.9374301433563232,0.5192679762840271,4015.780029296875,22.59389877319336,4.11529016494751,17.675199508666992,0.25,4.010610103607178,8.521599769592285
4212,0.9872733354568481,4.863275051116943,1.2018083333969116,3.1600866317749023,0.33879369497299194,1.7254199981689453,1.9662442207336426,9761.7177734375,19.221790313720703,7.582154750823975,15.189292907714844,0.4189413785934448,5.386717319488525,26.270822525024414
4214,0.2401091754436493,0.04530859738588333,1.6502423286437988,1.6955245733261108,0.9061263203620911,1.9175381660461426,0.5284000635147095,4029.14697265625,22.474641799926758,4.093221664428711,17.501558303833008,0.25676417350769043,4.023406505584717,8.646100044250488
4255,0.5588712692260742,0.4106398820877075,1.6541773080825806,3.7736916542053223,0.9539843201637268,1.973264455795288,1.499150037765503,5104.50439453125,16.041067123413086,2.860583543777466,9.712606430053711,1.9830859899520874,4.578186988830566,30.35245704650879
5045,0.21114234626293182,0.5428013205528259,1.282034158706665,3.3867342472076416,0.22417184710502625,0.7600849866867065,0.9814924001693726,2935.662353515625,17.093748092651367,4.520583152770996,12.965442657470703,0.7053066492080688,4.260400772094727,17.15705680847168
5050,0.407569944858551,2.5923900604248047,0.541130006313324,4.310080051422119,0.48072296380996704,1.9841300249099731,1.320719838142395,9879.2802734375,4.184929370880127,7.855439186096191,4.856860637664795,1.9999902248382568,2.5,26.777099609375
5056,0.9661454558372498,0.41245967149734497,1.1914472579956055,3.1395905017852783,0.8803037405014038,1.5113929510116577,1.8063876628875732,2009.11083984375,19.485137939453125,1.8397842645645142,13.401683807373047,0.449806809425354,4.512917995452881,6.6575236320495605
5083,0.749295711517334,0.25816941261291504,1.372002363204956,3.049626111984253,0.24457775056362152,1.7902597188949585,1.4038742780685425,2318.65380859375,11.807568550109863,2.158320188522339,14.338470458984375,1.2662252187728882,5.725014686584473,16.076690673828125
5107,0.4844924807548523,0.014079318381845951,0.7957234978675842,0.7376984357833862,0.9419612288475037,1.9797049760818481,1.718096137046814,5666.79248046875,21.002666473388672,3.893817663192749,6.156494140625,1.6933993101119995,3.244713068008423,39.52239990234375
5123,0.48709413409233093,0.017423180863261223,0.7897392511367798,0.741684079170227,0.9498572945594788,1.9782931804656982,1.7214211225509644,5636.5888671875,21.109785079956055,3.9489006996154785,6.086085319519043,1.696228265762329,3.2018368244171143,39.50336456298828
5136,0.7517359852790833,0.02346469648182392,1.0658899545669556,1.7763597965240479,0.9613999724388123,1.9687299728393555,1.3762599229812622,5237.89990234375,15.390501022338867,4.129509449005127,18.216901779174805,0.9080399870872498,4.286920070648193,30.513504028320312
5138,0.4800989627838135,0.009999998845160007,0.7861580848693848,0.6992820501327515,0.9536038637161255,1.9828203916549683,1.723289966583252,5722.6904296875,21.15559959411621,3.922689914703369,6.021450519561768,1.7004600763320923,3.2033302783966064,39.91330337524414
5140,0.8578560948371887,1.5081619024276733,1.0742324590682983,0.5383606553077698,0.08501985669136047,0.4475012719631195,1.0252732038497925,2949.352294921875,12.25447940826416,2.4094440937042236,19.659879684448242,1.2927122116088867,5.8156585693359375,17.73830795288086
5141,0.4786030650138855,0.1345813125371933,0.7929245829582214,0.7424420118331909,0.9300548434257507,1.9386546611785889,1.7080399990081787,5639.89111328125,21.022724151611328,3.8234572410583496,6.108490943908691,1.679631233215332,3.285175323486328,38.88542175292969
5142,0.4802613854408264,0.009999998845160007,0.7888081669807434,0.7073152661323547,0.9523353576660156,1.9791933298110962,1.7218842506408691,5721.0517578125,21.14624786376953,3.9106552600860596,6.045698165893555,1.7012219429016113,3.200399875640869,39.913658142089844
5145,0.26478299498558044,0.043011002242565155,1.602579951286316,4.48291015625,0.5598480105400085,1.498710036277771,1.306360125541687,6949.08984375,19.018600463867188,6.451779365539551,15.382101058959961,1.0899900197982788,4.23859977722168,20.47599983215332
7112,0.6285867094993591,0.743645966053009,0.9685718417167664,1.3345344066619873,0.3119202256202698,1.2551738023757935,0.868665874004364,2099.219970703125,23.000389099121094,2.222242832183838,8.423069953918457,1.663747787475586,3.5063846111297607,32.62807846069336
7121,0.6827042698860168,0.4357588291168213,1.2403277158737183,1.1281224489212036,0.4181031584739685,1.560012698173523,1.057708978652954,3196.081787109375,20.131669998168945,2.667327880859375,10.618732452392578,1.2404841184616089,3.7761142253875732,35.207763671875
8018,0.29831579327583313,0.4226662814617157,0.9061350226402283,1.7644582986831665,0.35826361179351807,0.8201607465744019,1.0360463857650757,3548.5029296875,14.126103401184082,2.9908597469329834,13.403226852416992,1.114712119102478,3.3886189460754395,19.7712345123291
8027,0.1656477153301239,0.32062777876853943,0.8336129188537598,2.218784809112549,0.7172864675521851,0.4593946933746338,1.217556357383728,3851.923583984375,18.275489807128906,5.017695426940918,14.586140632629395,1.53875732421875,2.858131170272827,29.4354248046875
8028,0.43702495098114014,0.33558255434036255,0.7143279910087585,3.165422201156616,0.20061422884464264,0.16172169148921967,1.0706288814544678,3247.373046875,10.973389625549316,2.554706335067749,18.151344299316406,0.6800517439842224,3.0629160404205322,12.23873233795166
8029,0.42997312545776367,0.06133854761719704,0.9109031558036804,2.981611490249634,0.235965758562088,0.12523111701011658,1.2869043350219727,4778.7587890625,16.677982330322266,1.9832539558410645,4.213593006134033,1.7063579559326172,3.1460626125335693,39.01004409790039
8060,0.7918941974639893,0.023660868406295776,1.9936957359313965,4.555925369262695,0.09837809205055237,1.144018292427063,0.9639388918876648,64.81917572021484,24.729644775390625,7.391744613647461,0.23417343199253082,1.441884994506836,5.424130916595459,14.246438980102539
8087,0.7523369789123535,0.44514670968055725,0.5783440470695496,3.2264750003814697,0.21171562373638153,0.4879026710987091,0.973446786403656,3369.927734375,10.388202667236328,3.395331859588623,16.164987564086914,1.3376688957214355,4.6712164878845215,25.888029098510742
8090,0.21720440685749054,0.10172098129987717,1.047525405883789,2.1678035259246826,0.03550390526652336,0.11905911564826965,1.1460531949996948,5251.564453125,1.8606245517730713,1.0171812772750854,13.092923164367676,0.3011968731880188,4.4352898597717285,11.786344528198242
8091,0.42629098892211914,1.1546084880828857,1.4366350173950195,3.46606183052063,0.24784426391124725,0.9792969226837158,1.4455695152282715,3164.71533203125,13.276095390319824,1.4312071800231934,4.849592208862305,1.272576093673706,4.75834321975708,16.20546531677246
8092,0.3443494141101837,0.7485946416854858,1.7872344255447388,2.1217188835144043,0.2164613902568817,0.8533526062965393,0.6543411016464233,962.9910278320312,6.360861778259277,1.4657528400421143,7.4088029861450195,1.5612963438034058,3.366020441055298,18.632104873657227
8103,0.2507808208465576,0.4543992280960083,0.9212169051170349,2.0185577869415283,0.45943546295166016,0.6356711387634277,1.0884233713150024,4215.84814453125,14.034564018249512,3.3617160320281982,14.504014015197754,1.276801586151123,3.323389768600464,20.302371978759766
8104,0.7542705535888672,0.3615676760673523,0.7017080783843994,1.661787748336792,0.04279148578643799,1.2427351474761963,0.9768973588943481,939.4766235351562,20.946741104125977,0.76878422498703,10.417861938476562,0.46169477701187134,4.769190311431885,31.61311912536621
8118,0.44011402130126953,0.009999999776482582,1.3969898223876953,1.2798900604248047,0.5158920288085938,0.4177260100841522,1.1146401166915894,5743.84033203125,13.138898849487305,5.086719989776611,3.8611903190612793,1.9976900815963745,3.879349708557129,6.3291802406311035
8120,0.5361788272857666,0.4108179807662964,0.669567346572876,2.7771453857421875,0.010007312521338463,1.4533979892730713,0.8613657355308533,1081.0523681640625,23.013912200927734,2.1944501399993896,8.2622709274292,0.8452398777008057,2.7461934089660645,32.97118377685547
8126,0.33212006092071533,3.5665457248687744,1.4242907762527466,3.714646577835083,0.09303568303585052,0.23876219987869263,0.7934317588806152,4012.148193359375,13.157556533813477,0.6809536814689636,12.055367469787598,1.1326478719711304,4.198999404907227,10.587348937988281
8134,0.5567208528518677,0.5831209421157837,0.909608006477356,2.568509817123413,0.061751361936330795,0.7122504711151123,0.8485954999923706,2153.865478515625,14.189599990844727,1.638667345046997,13.427027702331543,0.856525182723999,5.269656181335449,22.24942970275879
8140,0.2616223096847534,0.22760745882987976,1.5378895998001099,3.101254940032959,0.4568398892879486,1.4958149194717407,1.3434269428253174,2614.666015625,9.941049575805664,1.7191436290740967,14.084699630737305,0.65708988904953,2.599759340286255,27.089754104614258
8148,0.804233193397522,0.030161475762724876,1.986895203590393,4.530881404876709,0.11860134452581406,1.1214648485183716,1.0040587186813354,154.90252685546875,24.759727478027344,7.332902431488037,0.13526302576065063,0.9963793754577637,5.369844913482666,13.831704139709473
8149,0.3736150860786438,0.8811943531036377,1.1092157363891602,3.002190589904785,0.2773202061653137,0.15965671837329865,1.0588475465774536,7549.5595703125,6.1933064460754395,0.7412734627723694,19.318410873413086,1.2472683191299438,4.507697582244873,6.031106948852539
9002,0.5368266701698303,1.2969672679901123,1.3247509002685547,3.7654664516448975,0.5054180026054382,0.7748728394508362,1.4480431079864502,4666.40087890625,12.169403076171875,2.575643539428711,4.436013221740723,1.1318717002868652,4.61005973815918,9.146949768066406
9003,0.35622578859329224,0.858851432800293,1.1780049800872803,4.502297401428223,0.2946082651615143,0.36511707305908203,1.569031000137329,5889.55029296875,15.744548797607422,2.7100729942321777,4.853888988494873,0.9900786876678467,5.296270847320557,4.088395118713379
9004,0.4799191653728485,2.179117202758789,0.9181134104728699,3.9939358234405518,0.20863346755504608,0.40029025077819824,1.6297361850738525,5251.6748046875,8.357879638671875,1.524071216583252,4.86633825302124,0.7610381245613098,4.663305282592773,3.4539077281951904
9011,0.5825598835945129,0.9848182797431946,1.292284369468689,3.224065065383911,0.4598991870880127,0.9390416741371155,1.2447799444198608,4129.7392578125,15.801115036010742,2.743419885635376,6.114524841308594,1.0586053133010864,4.397469520568848,13.83391284942627
9020,0.5505504012107849,0.6262945532798767,0.6220698356628418,2.703305721282959,0.04851265624165535,0.009999997913837433,0.9121094942092896,5254.66259765625,16.589767456054688,1.5010489225387573,7.712009429931641,0.9807453155517578,2.717481851577759,5.663026809692383
9021,0.5783737301826477,0.635532796382904,0.6171082854270935,2.7053632736206055,0.050489213317632675,0.010176276788115501,0.8983657360076904,5028.76513671875,17.376855850219727,1.5004005432128906,7.495837688446045,0.9916223287582397,2.7293553352355957,5.6235270500183105
9023,0.5688790678977966,0.6049253344535828,0.6150847673416138,2.7007105350494385,0.05106057599186897,0.011756877414882183,0.8997169733047485,5080.08203125,17.167186737060547,1.5123908519744873,7.556938648223877,0.9910841584205627,2.736701250076294,5.648410320281982
9030,0.18162308633327484,0.03774797543883324,0.7017115354537964,2.5315184593200684,0.1518387347459793,0.41566941142082214,1.683009386062622,3862.635986328125,3.0117344856262207,1.894718050956726,13.39601993560791,0.6826896667480469,4.846072673797607,18.368480682373047
9033,0.4405331611633301,0.5970443487167358,1.3331619501113892,2.7361457347869873,0.6748844981193542,0.9538308382034302,1.2220962047576904,4031.547607421875,8.14252758026123,2.430851459503174,12.308659553527832,1.4387961626052856,5.399440765380859,6.951545715332031
9038,0.4517410397529602,1.2650476694107056,1.4219502210617065,3.2767493724823,0.17537608742713928,0.029822206124663353,1.1964279413223267,4809.041015625,9.101747512817383,2.163444757461548,3.739332437515259,1.7703533172607422,5.542768478393555,10.797120094299316
9040,0.33321505784988403,3.6686882972717285,0.5042965412139893,3.7445788383483887,0.013045127503573895,0.1550888568162918,0.9847383499145508,4074.537353515625,10.0256986618042,0.5522628426551819,7.911379814147949,0.8415422439575195,2.5081074237823486,18.958620071411133
9041,0.7495894432067871,0.029997296631336212,0.7000630497932434,3.783885955810547,0.49983131885528564,0.2082483172416687,1.0459072589874268,3653.853515625,29.397706985473633,1.9625250101089478,10.053535461425781,1.5270265340805054,4.209789276123047,39.46735763549805
9044,0.14289022982120514,0.03838855400681496,1.0923874378204346,3.514896869659424,0.819359540939331,1.543578028678894,1.5562074184417725,2359.874755859375,12.139163970947266,4.163535118103027,2.0762643814086914,1.1651219129562378,3.9091739654541016,13.937047958374023
9051,0.3397703468799591,3.6527676582336426,0.5051901340484619,3.6914925575256348,0.01106615737080574,0.1524592936038971,0.9956726431846619,4019.673583984375,9.935874938964844,0.525127649307251,7.770427703857422,0.8388779759407043,2.5006983280181885,18.88898277282715
9061,0.1754966527223587,1.3639640808105469,1.6513391733169556,4.1640167236328125,0.48144426941871643,0.5700601935386658,1.58698308467865,3805.5625,12.72314453125,1.936097502708435,4.265129566192627,1.4281045198440552,3.6319637298583984,3.062682628631592
9062,0.3387080430984497,0.9566836357116699,0.699780285358429,3.191873550415039,0.00793779082596302,0.9693036079406738,0.8105499744415283,9619.2705078125,26.08573341369629,0.5235220789909363,9.152684211730957,0.45951518416404724,3.6949141025543213,7.712155818939209
9063,0.5712939500808716,1.6008336544036865,1.1848992109298706,3.2511425018310547,0.3929467797279358,0.3947761654853821,1.7829431295394897,6912.00390625,17.206104278564453,1.5984352827072144,9.409643173217773,1.4587289094924927,5.046024322509766,3.0028655529022217
9064,0.7316153645515442,0.8991522192955017,1.8944531679153442,2.8168790340423584,0.975482165813446,1.3337095975875854,1.482866644859314,9913.5927734375,12.516092300415039,4.115917205810547,1.6987963914871216,1.7288821935653687,4.692534446716309,1.6341593265533447
9067,0.3822140395641327,1.6480857133865356,0.6029937863349915,3.924635410308838,0.1488562524318695,0.2294156849384308,1.5773454904556274,6974.91259765625,9.963813781738281,1.9322303533554077,7.827426910400391,0.7252917289733887,4.515310764312744,2.0004944801330566
9068,0.42751991748809814,1.499434471130371,0.6612111330032349,3.6053333282470703,0.13057221472263336,0.29248183965682983,1.5120482444763184,6123.6103515625,10.040547370910645,2.16117262840271,7.014188766479492,0.7646358013153076,4.477480888366699,3.004005193710327
9069,0.4043307602405548,1.564030408859253,0.6302399039268494,3.7712392807006836,0.1428295075893402,0.2646314203739166,1.5468077659606934,6531.4287109375,10.006226539611816,2.0558011531829834,7.399462699890137,0.7434305548667908,4.499292373657227,2.537041664123535
9070,0.17993387579917908,1.3283705711364746,1.0173451900482178,4.7298197746276855,0.043185606598854065,0.023924369364976883,1.5978517532348633,6597.77294921875,13.71349811553955,1.122381567955017,4.1221537590026855,1.0614961385726929,5.333576679229736,4.686803340911865
9071,0.18463900685310364,1.3483871221542358,1.0229204893112183,4.726189613342285,0.0461932048201561,0.026294562965631485,1.5971912145614624,6568.81298828125,13.60541820526123,1.1084319353103638,4.0981645584106445,1.0564888715744019,5.325632572174072,4.7207441329956055
9073,0.6690273880958557,0.06084847077727318,1.1782423257827759,2.795931339263916,0.9126970767974854,1.8999297618865967,1.174651861190796,4533.15185546875,17.706249237060547,4.923654079437256,1.8582228422164917,0.585612952709198,4.7317795753479,23.960397720336914
9074,0.8775714039802551,2.252764940261841,1.7431093454360962,4.392208576202393,0.5448899865150452,0.4476008415222168,1.5206598043441772,4177.33544921875,9.807395935058594,2.261756181716919,3.957183599472046,0.5253008604049683,5.0214972496032715,3.7206029891967773
9075,0.629469096660614,3.1027774810791016,0.9955222606658936,3.2145280838012695,0.20989353954792023,0.16775941848754883,1.0838621854782104,4754.1005859375,9.681158065795898,0.8660615682601929,11.826240539550781,0.7786573767662048,4.851498126983643,6.918636322021484
9079,0.7224147319793701,0.8958338499069214,1.877699375152588,2.8371381759643555,0.9773364067077637,1.3140617609024048,1.4828623533248901,9919.0390625,12.320372581481934,4.141196250915527,1.5604488849639893,1.712646722793579,4.7173991203308105,1.5706126689910889
9087,0.653935432434082,0.4137336313724518,1.1111716032028198,1.5400468111038208,0.4139389097690582,1.3496307134628296,0.8270253539085388,3375.6943359375,18.472009658813477,3.1382899284362793,11.163357734680176,1.2156555652618408,3.7084147930145264,25.335243225097656
9088,0.18905754387378693,0.02178635634481907,0.69537752866745,2.5227549076080322,0.15399032831192017,0.4225967526435852,1.6897623538970947,3879.6650390625,3.0901169776916504,1.9047282934188843,13.32412338256836,0.6864402890205383,4.83225154876709,18.25950813293457
9089,0.3805338740348816,0.42335832118988037,1.4273377656936646,3.7210216522216797,0.4782142639160156,0.8207318782806396,1.043185830116272,4236.07568359375,16.77153205871582,3.3549158573150635,9.408428192138672,1.3198132514953613,4.407592296600342,13.129246711730957
9092,0.3184165954589844,2.511599063873291,1.3107637166976929,4.557207107543945,0.16635112464427948,0.19472894072532654,1.3207979202270508,4799.4189453125,7.754816055297852,1.3544957637786865,8.602178573608398,1.1816240549087524,4.49129581451416,4.115601539611816
9093,0.49082428216934204,0.5489786863327026,0.6645675301551819,3.3440372943878174,0.24342453479766846,0.2054554969072342,1.3538142442703247,4861.1796875,17.47829246520996,1.7946712970733643,12.46381950378418,1.638041615486145,5.064059257507324,12.883267402648926
9095,0.5556918978691101,0.4616246819496155,1.970813512802124,2.789919137954712,0.8400118350982666,1.9068470001220703,1.50282883644104,5372.60693359375,12.530465126037598,3.451557159423828,12.624007225036621,1.9865652322769165,5.571096420288086,18.912694931030273
9120,0.6188045144081116,1.6788612604141235,1.4141547679901123,3.9675958156585693,0.46499568223953247,0.5670474171638489,1.4109034538269043,4407.5712890625,10.189261436462402,2.0945169925689697,4.024609565734863,1.1841758489608765,4.967691898345947,9.132047653198242
9139,0.5589963793754578,0.12466467916965485,1.6799839735031128,3.852391242980957,0.6162583231925964,0.5354247689247131,1.2845591306686401,598.4356079101562,20.4010066986084,3.6335270404815674,12.08863639831543,1.7031004428863525,2.880905866622925,14.358031272888184
9158,0.7025519609451294,0.4129665493965149,1.5787025690078735,4.814555644989014,0.3543163239955902,0.061731938272714615,1.378427267074585,6477.02587890625,8.582051277160645,1.0821702480316162,1.5500653982162476,1.7334741353988647,5.260202407836914,29.356515884399414
9159,0.3776229918003082,1.6198400259017944,0.5884969830513,3.9415500164031982,0.1501139998435974,0.2249719798564911,1.5836900472640991,6963.9599609375,9.954179763793945,1.947759985923767,7.858850002288818,0.7222729921340942,4.5177202224731445,1.9251298904418945
9165,0.7570636868476868,4.274323463439941,1.4312080144882202,4.4033989906311035,0.24857516586780548,0.23316596448421478,1.8160940408706665,3964.23388671875,18.811784744262695,0.6841297745704651,8.840221405029297,1.4323155879974365,5.040415287017822,2.532608985900879
9166,0.5103302597999573,0.7156698107719421,1.520357608795166,2.801974296569824,0.9144591689109802,1.8701313734054565,1.1779515743255615,4188.62158203125,12.649713516235352,4.3378071784973145,1.773093342781067,0.3689368963241577,5.111105442047119,1.9275978803634644
9170,0.22764340043067932,1.2434269189834595,1.3919779062271118,3.8755252361297607,0.3600620925426483,0.6839505434036255,1.379895806312561,5416.33203125,16.313453674316406,1.6054675579071045,5.606542587280273,1.1669548749923706,3.6548075675964355,4.506939888000488
9177,0.648537814617157,0.22141075134277344,1.0530890226364136,4.531684875488281,0.5208786725997925,0.13423468172550201,1.2003339529037476,4189.58984375,3.345667600631714,1.4824210405349731,7.872736930847168,1.7751774787902832,5.70810079574585,12.868128776550293
9184,0.6389008164405823,0.3739069998264313,1.4506096839904785,2.3137357234954834,0.041808560490608215,0.12378576397895813,0.5754913091659546,4150.43310546875,9.089279174804688,3.1649749279022217,14.105121612548828,1.1029683351516724,3.230393648147583,11.718194007873535
9187,0.282289981842041,0.0593079999089241,0.7411210536956787,1.672010064125061,0.4265560507774353,0.8623070120811462,1.50065016746521,3559.56982421875,22.419702529907227,3.8846402168273926,13.71879768371582,1.119939923286438,4.672619342803955,25.606199264526367
9188,0.5069236159324646,4.113668918609619,1.4219825267791748,4.729471683502197,0.007372802589088678,0.5176324248313904,1.9245678186416626,8861.6533203125,6.565041542053223,0.5313783288002014,0.5412461757659912,1.4569685459136963,5.541435241699219,2.5850794315338135
9189,0.5063077807426453,4.046336650848389,1.4252742528915405,4.751218318939209,0.008474619127810001,0.5077138543128967,1.9194023609161377,8909.35546875,6.371567726135254,0.5279698371887207,0.31441569328308105,1.4658429622650146,5.55925989151001,3.142764091491699
9197,0.626230001449585,0.7205280661582947,0.9545670747756958,4.5836100578308105,0.6705440878868103,0.25685998797416687,1.326370120048523,40.0,9.478699684143066,1.331109881401062,2.427530288696289,1.6580698490142822,3.5664000511169434,11.963101387023926
9203,0.9802111983299255,4.620791435241699,1.8980753421783447,1.3326224088668823,0.6571756601333618,1.3299133777618408,1.4059392213821411,3342.36474609375,4.019134998321533,3.0698904991149902,7.858898162841797,1.5933648347854614,5.9066162109375,18.959192276000977
9215,0.2693297564983368,1.1662182807922363,1.033130407333374,2.8942489624023438,0.2740899324417114,0.6382673978805542,1.488215684890747,7066.27197265625,9.51550006866455,1.0446220636367798,11.061073303222656,1.1128736734390259,6.106456756591797,22.203718185424805
9252,0.6676440238952637,3.584939479827881,0.7584219574928284,2.4877097606658936,0.0,0.1824589967727661,1.5186699628829956,1412.2900390625,10.409798622131348,0.5133090019226074,10.694299697875977,0.9034929871559143,2.5,17.68960189819336
9254,0.3184414803981781,2.510735273361206,1.3091388940811157,4.570174694061279,0.16116194427013397,0.18175898492336273,1.3198429346084595,4803.90478515625,7.759187698364258,1.328904390335083,8.753714561462402,1.1878842115402222,4.47138786315918,4.1813645362854
9255,0.4599536955356598,0.31896957755088806,1.6340631246566772,3.0435798168182373,0.014461170881986618,0.1728653460741043,0.9823810458183289,7443.029296875,15.25373649597168,0.564865231513977,8.503523826599121,1.9844638109207153,5.290672779083252,39.37922286987305
9256,0.5668315291404724,0.6170793175697327,0.6164214015007019,2.6978180408477783,0.05057990550994873,0.013284891843795776,0.9008327722549438,5084.6611328125,17.202857971191406,1.5004889965057373,7.641631126403809,0.99152010679245,2.730725049972534,5.621804714202881
9261,0.5818819999694824,0.019954917952418327,2.0,1.0851988792419434,0.9367798566818237,1.9746317863464355,1.293190598487854,4347.7080078125,30.0,1.7375054359436035,7.180090427398682,0.8781240582466125,2.5400912761688232,39.43528366088867
9263,0.5698740482330322,0.9298129081726074,1.2959349155426025,3.3223819732666016,0.464199036359787,0.9037838578224182,1.2334542274475098,4228.35009765625,15.573548316955566,2.852940559387207,6.300271511077881,1.055464267730713,4.492998123168945,13.962656021118164
9265,0.663507878780365,3.564436674118042,0.7612812519073486,2.493001699447632,0.000773088017012924,0.18137437105178833,1.5155155658721924,1433.639404296875,10.361381530761719,0.5311023592948914,10.642674446105957,0.9033628106117249,2.5121681690216064,17.652448654174805
9270,0.38674136996269226,1.6037235260009766,0.6115548610687256,3.9224352836608887,0.16927945613861084,0.26728108525276184,1.5763967037200928,6863.0361328125,10.073091506958008,1.998775601387024,7.636434078216553,0.7198470830917358,4.527659893035889,2.4548187255859375
9271,0.1753288060426712,1.3693434000015259,1.65348482131958,4.1794633865356445,0.4801396131515503,0.5659880042076111,1.5935983657836914,3725.444091796875,12.672406196594238,1.938671588897705,4.210770130157471,1.4329251050949097,3.654252290725708,3.053426504135132
9279,0.5059254765510559,0.6373339891433716,1.5139111280441284,2.7476601600646973,0.9418011903762817,1.9145005941390991,1.1656560897827148,4177.775390625,12.682217597961426,4.439315319061279,1.3167263269424438,0.34759920835494995,5.165735721588135,1.6015419960021973
9281,0.7041417360305786,0.43082302808761597,1.5872337818145752,4.827286720275879,0.35455742478370667,0.06358183175325394,1.3815139532089233,6497.1533203125,8.493091583251953,1.0770894289016724,1.444169282913208,1.7303112745285034,5.262899875640869,29.332454681396484
9282,0.18078312277793884,1.3498510122299194,1.640797734260559,4.140858173370361,0.4804099202156067,0.5783571600914001,1.573394775390625,3919.44091796875,12.873990058898926,1.9544084072113037,4.367008209228516,1.417203426361084,3.628124952316284,3.2735776901245117
9283,0.3265136778354645,2.49247407913208,1.319580316543579,4.500504493713379,0.18202877044677734,0.22961482405662537,1.3186734914779663,4776.12841796875,7.816258907318115,1.4264750480651855,8.431665420532227,1.1696794033050537,4.512482166290283,4.182607173919678
9284,0.5387539863586426,1.2895445823669434,1.3301140069961548,3.773552894592285,0.5037878751754761,0.7752736210823059,1.4446351528167725,4636.02734375,12.315279960632324,2.581289529800415,4.40260124206543,1.12467622756958,4.608381748199463,9.176342964172363
9287,0.6321027278900146,0.3899132013320923,1.5297216176986694,2.1908342838287354,0.050538308918476105,0.0477018766105175,0.521125078201294,3869.967041015625,9.781593322753906,3.2609410285949707,13.9034423828125,1.1154650449752808,3.0891003608703613,9.643202781677246
9291,0.2816506624221802,0.05886702239513397,0.7884573340415955,1.7324280738830566,0.44866135716438293,0.9140203595161438,1.4983288049697876,3445.07958984375,21.73686981201172,3.8317177295684814,13.180808067321777,1.1287909746170044,4.694156169891357,24.942333221435547
9317,0.9476350545883179,1.9730756282806396,1.9592678546905518,4.724076747894287,0.6426575779914856,0.5327165126800537,1.64279305934906,4014.015380859375,9.811707496643066,2.682619333267212,1.690809965133667,0.44953224062919617,5.060634613037109,2.8667593002319336
9321,0.4587377905845642,1.4138895273208618,0.7044500112533569,3.3856451511383057,0.11714209616184235,0.33431413769721985,1.4647862911224365,5597.81103515625,10.117361068725586,2.3056628704071045,6.501597881317139,0.7917405366897583,4.449439525604248,3.688261032104492
9322,0.3776229918003082,1.6198400259017944,0.5884969234466553,3.9415500164031982,0.1501139998435974,0.2249719798564911,1.5836900472640991,6963.96044921875,9.954178810119629,1.947759985923767,7.858850002288818,0.7222729921340942,4.517719745635986,1.9251302480697632
9323,0.3797348737716675,1.6328330039978027,0.595165491104126,3.933769464492798,0.1495354324579239,0.22701609134674072,1.5807714462280273,6968.998046875,9.958610534667969,1.9406161308288574,7.844395637512207,0.7236616015434265,4.5166120529174805,1.9597976207733154
9324,0.3815074861049652,1.6234277486801147,0.5991498827934265,3.9313111305236816,0.15514269471168518,0.23814897239208221,1.5798146724700928,6938.72412109375,9.990392684936523,1.9576431512832642,7.787261962890625,0.72245854139328,4.519822597503662,2.0957722663879395
9327,0.6632845997810364,0.09404859691858292,1.1932997703552246,2.879786491394043,0.910688042640686,1.8883583545684814,1.1672711372375488,4468.06494140625,17.43545913696289,4.875732898712158,1.7273836135864258,0.5813329815864563,4.741743564605713,23.744094848632812
9328,0.18963468074798584,1.3642901182174683,1.0286281108856201,4.721953868865967,0.04998296499252319,0.02988433465361595,1.596466302871704,6539.82568359375,13.517420768737793,1.102836012840271,4.07995080947876,1.0516773462295532,5.318358898162842,4.748459339141846
